Indicator ID,Domain,Subdomain,Indicator Title,Description,Unit,IndicatorType,Target,Baseline,Current,Year,Total,Disaggregation Category,Disaggregation Value,Percentage,Methodology,DataSources,TargetMethod,district_code,district_name,value
ECON-01,ความมั่นคงและความเสมอภาคทางเศรษฐกิจ (Economic security and equality),การจ้างงาน,อัตราการว่างงาน,,%,reverse,0,2.4,0.7,2566,0.7,sex,male,0.9,(จำนวนผู้ว่างงาน หารด้วย กำลังแรงงาน) x 100,สำนักงานสถิติแห่งชาติ,เป้าหมายตาม ตัวชี้วัด SDG 8.5.2 อัตราการว่างงาน จำแนกตามเพศ อายุ และ ความพิการ,,,
ECON-01,ความมั่นคงและความเสมอภาคทางเศรษฐกิจ (Economic security and equality),การจ้างงาน,อัตราการว่างงาน,,%,reverse,,,,2565,1.2,sex,male,1.3,,,,,,
ECON-01,ความมั่นคงและความเสมอภาคทางเศรษฐกิจ (Economic security and equality),การจ้างงาน,อัตราการว่างงาน,,%,reverse,,,,2564,2.1,sex,male,2.1,,,,,,
ECON-01,ความมั่นคงและความเสมอภาคทางเศรษฐกิจ (Economic security and equality),การจ้างงาน,อัตราการว่างงาน,,%,reverse,,,,2563,2.4,sex,male,2.5,,,,,,
ECON-01,ความมั่นคงและความเสมอภาคทางเศรษฐกิจ (Economic security and equality),การจ้างงาน,อัตราการว่างงาน,,%,reverse,,,,2562,0.6,sex,male,0.8,,,,,,
ECON-01,ความมั่นคงและความเสมอภาคทางเศรษฐกิจ (Economic security and equality),การจ้างงาน,อัตราการว่างงาน,,%,reverse,,,,2566,0.7,sex,female,0.6,,,,,,
ECON-01,ความมั่นคงและความเสมอภาคทางเศรษฐกิจ (Economic security and equality),การจ้างงาน,อัตราการว่างงาน,,%,reverse,,,,2565,1.2,sex,female,0.3,,,,,,
ECON-01,ความมั่นคงและความเสมอภาคทางเศรษฐกิจ (Economic security and equality),การจ้างงาน,อัตราการว่างงาน,,%,reverse,,,,2564,2.1,sex,female,0.9,,,,,,
ECON-01,ความมั่นคงและความเสมอภาคทางเศรษฐกิจ (Economic security and equality),การจ้างงาน,อัตราการว่างงาน,,%,reverse,,,,2563,2.4,sex,female,0.6,,,,,,
ECON-01,ความมั่นคงและความเสมอภาคทางเศรษฐกิจ (Economic security and equality),การจ้างงาน,อัตราการว่างงาน,,%,reverse,,,,2562,0.6,sex,female,1.1,,,,,,
ECON-01,ความมั่นคงและความเสมอภาคทางเศรษฐกิจ (Economic security and equality),การจ้างงาน,อัตราการว่างงาน,,%,reverse,,,,2566,0.7,age group,15-19 ปี,2.9,,,,,,
ECON-01,ความมั่นคงและความเสมอภาคทางเศรษฐกิจ (Economic security and equality),การจ้างงาน,อัตราการว่างงาน,,%,reverse,,,,2566,0.7,age group,20-24 ปี,5.3,,,,,,
ECON-01,ความมั่นคงและความเสมอภาคทางเศรษฐกิจ (Economic security and equality),การจ้างงาน,อัตราการว่างงาน,,%,reverse,,,,2566,0.7,age group,25-29 ปี,1.4,,,,,,
ECON-01,ความมั่นคงและความเสมอภาคทางเศรษฐกิจ (Economic security and equality),การจ้างงาน,อัตราการว่างงาน,,%,reverse,,,,2566,0.7,age group,30-34 ปี,0.9,,,,,,
ECON-01,ความมั่นคงและความเสมอภาคทางเศรษฐกิจ (Economic security and equality),การจ้างงาน,อัตราการว่างงาน,,%,reverse,,,,2566,0.7,age group,35-39 ปี,0.5,,,,,,
ECON-01,ความมั่นคงและความเสมอภาคทางเศรษฐกิจ (Economic security and equality),การจ้างงาน,อัตราการว่างงาน,,%,reverse,,,,2566,0.7,age group,40-49 ปี,0.2,,,,,,
ECON-01,ความมั่นคงและความเสมอภาคทางเศรษฐกิจ (Economic security and equality),การจ้างงาน,อัตราการว่างงาน,,%,reverse,,,,2566,0.7,age group,50-59 ปี,0.4,,,,,,
ECON-01,ความมั่นคงและความเสมอภาคทางเศรษฐกิจ (Economic security and equality),การจ้างงาน,อัตราการว่างงาน,,%,reverse,,,,2566,0.7,age group,60 ขึ้นไป,0,,,,,,
ECON-01,ความมั่นคงและความเสมอภาคทางเศรษฐกิจ (Economic security and equality),การจ้างงาน,อัตราการว่างงาน,,%,reverse,,,,2565,1.2,age group,15-19 ปี,5,,,,,,
ECON-01,ความมั่นคงและความเสมอภาคทางเศรษฐกิจ (Economic security and equality),การจ้างงาน,อัตราการว่างงาน,,%,reverse,,,,2565,1.2,age group,20-24 ปี,6.7,,,,,,
ECON-01,ความมั่นคงและความเสมอภาคทางเศรษฐกิจ (Economic security and equality),การจ้างงาน,อัตราการว่างงาน,,%,reverse,,,,2565,1.2,age group,25-29 ปี,2.4,,,,,,
ECON-01,ความมั่นคงและความเสมอภาคทางเศรษฐกิจ (Economic security and equality),การจ้างงาน,อัตราการว่างงาน,,%,reverse,,,,2565,1.2,age group,30-34 ปี,1.5,,,,,,
ECON-01,ความมั่นคงและความเสมอภาคทางเศรษฐกิจ (Economic security and equality),การจ้างงาน,อัตราการว่างงาน,,%,reverse,,,,2565,1.2,age group,35-39 ปี,0.9,,,,,,
ECON-01,ความมั่นคงและความเสมอภาคทางเศรษฐกิจ (Economic security and equality),การจ้างงาน,อัตราการว่างงาน,,%,reverse,,,,2565,1.2,age group,40-49 ปี,0.6,,,,,,
ECON-01,ความมั่นคงและความเสมอภาคทางเศรษฐกิจ (Economic security and equality),การจ้างงาน,อัตราการว่างงาน,,%,reverse,,,,2565,1.2,age group,50-59 ปี,0.1,,,,,,
ECON-01,ความมั่นคงและความเสมอภาคทางเศรษฐกิจ (Economic security and equality),การจ้างงาน,อัตราการว่างงาน,,%,reverse,,,,2565,1.2,age group,60 ขึ้นไป,0.2,,,,,,
ECON-01,ความมั่นคงและความเสมอภาคทางเศรษฐกิจ (Economic security and equality),การจ้างงาน,อัตราการว่างงาน,,%,reverse,,,,2564,2.1,age group,15-19 ปี,3.3,,,,,,
ECON-01,ความมั่นคงและความเสมอภาคทางเศรษฐกิจ (Economic security and equality),การจ้างงาน,อัตราการว่างงาน,,%,reverse,,,,2564,2.1,age group,20-24 ปี,9.3,,,,,,
ECON-01,ความมั่นคงและความเสมอภาคทางเศรษฐกิจ (Economic security and equality),การจ้างงาน,อัตราการว่างงาน,,%,reverse,,,,2564,2.1,age group,25-29 ปี,3.1,,,,,,
ECON-01,ความมั่นคงและความเสมอภาคทางเศรษฐกิจ (Economic security and equality),การจ้างงาน,อัตราการว่างงาน,,%,reverse,,,,2564,2.1,age group,30-34 ปี,3,,,,,,
ECON-01,ความมั่นคงและความเสมอภาคทางเศรษฐกิจ (Economic security and equality),การจ้างงาน,อัตราการว่างงาน,,%,reverse,,,,2564,2.1,age group,35-39 ปี,1.5,,,,,,
ECON-01,ความมั่นคงและความเสมอภาคทางเศรษฐกิจ (Economic security and equality),การจ้างงาน,อัตราการว่างงาน,,%,reverse,,,,2564,2.1,age group,40-49 ปี,1,,,,,,
ECON-01,ความมั่นคงและความเสมอภาคทางเศรษฐกิจ (Economic security and equality),การจ้างงาน,อัตราการว่างงาน,,%,reverse,,,,2564,2.1,age group,50-59 ปี,1.4,,,,,,
ECON-01,ความมั่นคงและความเสมอภาคทางเศรษฐกิจ (Economic security and equality),การจ้างงาน,อัตราการว่างงาน,,%,reverse,,,,2564,2.1,age group,60 ขึ้นไป,0.7,,,,,,
ECON-01,ความมั่นคงและความเสมอภาคทางเศรษฐกิจ (Economic security and equality),การจ้างงาน,อัตราการว่างงาน,,%,reverse,,,,2563,2.4,age group,15-19 ปี,8.3,,,,,,
ECON-01,ความมั่นคงและความเสมอภาคทางเศรษฐกิจ (Economic security and equality),การจ้างงาน,อัตราการว่างงาน,,%,reverse,,,,2563,2.4,age group,20-24 ปี,8.6,,,,,,
ECON-01,ความมั่นคงและความเสมอภาคทางเศรษฐกิจ (Economic security and equality),การจ้างงาน,อัตราการว่างงาน,,%,reverse,,,,2563,2.4,age group,25-29 ปี,3,,,,,,
ECON-01,ความมั่นคงและความเสมอภาคทางเศรษฐกิจ (Economic security and equality),การจ้างงาน,อัตราการว่างงาน,,%,reverse,,,,2563,2.4,age group,30-34 ปี,3.3,,,,,,
ECON-01,ความมั่นคงและความเสมอภาคทางเศรษฐกิจ (Economic security and equality),การจ้างงาน,อัตราการว่างงาน,,%,reverse,,,,2563,2.4,age group,35-39 ปี,1.7,,,,,,
ECON-01,ความมั่นคงและความเสมอภาคทางเศรษฐกิจ (Economic security and equality),การจ้างงาน,อัตราการว่างงาน,,%,reverse,,,,2563,2.4,age group,40-49 ปี,1.6,,,,,,
ECON-01,ความมั่นคงและความเสมอภาคทางเศรษฐกิจ (Economic security and equality),การจ้างงาน,อัตราการว่างงาน,,%,reverse,,,,2563,2.4,age group,50-59 ปี,1.5,,,,,,
ECON-01,ความมั่นคงและความเสมอภาคทางเศรษฐกิจ (Economic security and equality),การจ้างงาน,อัตราการว่างงาน,,%,reverse,,,,2563,2.4,age group,60 ขึ้นไป,0.3,,,,,,
ECON-01,ความมั่นคงและความเสมอภาคทางเศรษฐกิจ (Economic security and equality),การจ้างงาน,อัตราการว่างงาน,,%,reverse,,,,2562,0.6,age group,15-19 ปี,5.7,,,,,,
ECON-01,ความมั่นคงและความเสมอภาคทางเศรษฐกิจ (Economic security and equality),การจ้างงาน,อัตราการว่างงาน,,%,reverse,,,,2562,0.6,age group,20-24 ปี,3.6,,,,,,
ECON-01,ความมั่นคงและความเสมอภาคทางเศรษฐกิจ (Economic security and equality),การจ้างงาน,อัตราการว่างงาน,,%,reverse,,,,2562,0.6,age group,25-29 ปี,1.1,,,,,,
ECON-01,ความมั่นคงและความเสมอภาคทางเศรษฐกิจ (Economic security and equality),การจ้างงาน,อัตราการว่างงาน,,%,reverse,,,,2562,0.6,age group,30-34 ปี,0.2,,,,,,
ECON-01,ความมั่นคงและความเสมอภาคทางเศรษฐกิจ (Economic security and equality),การจ้างงาน,อัตราการว่างงาน,,%,reverse,,,,2562,0.6,age group,35-39 ปี,0.6,,,,,,
ECON-01,ความมั่นคงและความเสมอภาคทางเศรษฐกิจ (Economic security and equality),การจ้างงาน,อัตราการว่างงาน,,%,reverse,,,,2562,0.6,age group,40-49 ปี,0.3,,,,,,
ECON-02,ความมั่นคงและความเสมอภาคทางเศรษฐกิจ (Economic security and equality),การจ้างงาน,อัตราส่วนการจ้างงานต่อประชากร,,%,direct,78,68.97,72.59,2566,72.6,sex,male,78.5,,,,,,
ECON-02,ความมั่นคงและความเสมอภาคทางเศรษฐกิจ (Economic security and equality),การจ้างงาน,อัตราส่วนการจ้างงานต่อประชากร,,%,direct,,,,2565,72.4,sex,male,77,,,,,,
ECON-02,ความมั่นคงและความเสมอภาคทางเศรษฐกิจ (Economic security and equality),การจ้างงาน,อัตราส่วนการจ้างงานต่อประชากร,,%,direct,,,,2564,70.1,sex,male,73.2,,,,,,
ECON-02,ความมั่นคงและความเสมอภาคทางเศรษฐกิจ (Economic security and equality),การจ้างงาน,อัตราส่วนการจ้างงานต่อประชากร,,%,direct,,,,2563,69.9,sex,male,75.6,,,,,,
ECON-02,ความมั่นคงและความเสมอภาคทางเศรษฐกิจ (Economic security and equality),การจ้างงาน,อัตราส่วนการจ้างงานต่อประชากร,,%,direct,,,,2562,69,sex,male,75.7,,,,,,
ECON-02,ความมั่นคงและความเสมอภาคทางเศรษฐกิจ (Economic security and equality),การจ้างงาน,อัตราส่วนการจ้างงานต่อประชากร,,%,direct,,,,2566,72.6,sex,female,65.6,,,,,,
ECON-02,ความมั่นคงและความเสมอภาคทางเศรษฐกิจ (Economic security and equality),การจ้างงาน,อัตราส่วนการจ้างงานต่อประชากร,,%,direct,,,,2565,72.4,sex,female,66.9,,,,,,
ECON-02,ความมั่นคงและความเสมอภาคทางเศรษฐกิจ (Economic security and equality),การจ้างงาน,อัตราส่วนการจ้างงานต่อประชากร,,%,direct,,,,2564,70.1,sex,female,62.4,,,,,,
ECON-02,ความมั่นคงและความเสมอภาคทางเศรษฐกิจ (Economic security and equality),การจ้างงาน,อัตราส่วนการจ้างงานต่อประชากร,,%,direct,,,,2563,69.9,sex,female,63.1,,,,,,
ECON-02,ความมั่นคงและความเสมอภาคทางเศรษฐกิจ (Economic security and equality),การจ้างงาน,อัตราส่วนการจ้างงานต่อประชากร,,%,direct,,,,2562,69,sex,female,62.4,,,,,,
ECON-02,ความมั่นคงและความเสมอภาคทางเศรษฐกิจ (Economic security and equality),การจ้างงาน,อัตราส่วนการจ้างงานต่อประชากร,,%,direct,,,,2566,72.6,age group,15-19 ปี,12.8,,,,,,
ECON-02,ความมั่นคงและความเสมอภาคทางเศรษฐกิจ (Economic security and equality),การจ้างงาน,อัตราส่วนการจ้างงานต่อประชากร,,%,direct,,,,2566,72.6,age group,20-24 ปี,55.8,,,,,,
ECON-02,ความมั่นคงและความเสมอภาคทางเศรษฐกิจ (Economic security and equality),การจ้างงาน,อัตราส่วนการจ้างงานต่อประชากร,,%,direct,,,,2566,72.6,age group,25-29 ปี,90.4,,,,,,
ECON-02,ความมั่นคงและความเสมอภาคทางเศรษฐกิจ (Economic security and equality),การจ้างงาน,อัตราส่วนการจ้างงานต่อประชากร,,%,direct,,,,2566,72.6,age group,35-39 ปี,91.9,,,,,,
ECON-02,ความมั่นคงและความเสมอภาคทางเศรษฐกิจ (Economic security and equality),การจ้างงาน,อัตราส่วนการจ้างงานต่อประชากร,,%,direct,,,,2566,72.6,age group,40-49 ปี,92.8,,,,,,
ECON-02,ความมั่นคงและความเสมอภาคทางเศรษฐกิจ (Economic security and equality),การจ้างงาน,อัตราส่วนการจ้างงานต่อประชากร,,%,direct,,,,2566,72.6,age group,50-59 ปี,90.9,,,,,,
ECON-02,ความมั่นคงและความเสมอภาคทางเศรษฐกิจ (Economic security and equality),การจ้างงาน,อัตราส่วนการจ้างงานต่อประชากร,,%,direct,,,,2566,72.6,age group,60 ปีขึ้นไป,81.4,,,,,,
ECON-02,ความมั่นคงและความเสมอภาคทางเศรษฐกิจ (Economic security and equality),การจ้างงาน,อัตราส่วนการจ้างงานต่อประชากร,,%,direct,,,,2566,72.6,age group,30-34 ปี,91.5,,,,,,
ECON-02,ความมั่นคงและความเสมอภาคทางเศรษฐกิจ (Economic security and equality),การจ้างงาน,อัตราส่วนการจ้างงานต่อประชากร,,%,direct,,,,2565,72.4,age group,15-19 ปี,11.3,,,,,,
ECON-02,ความมั่นคงและความเสมอภาคทางเศรษฐกิจ (Economic security and equality),การจ้างงาน,อัตราส่วนการจ้างงานต่อประชากร,,%,direct,,,,2565,72.4,age group,20-24 ปี,57.2,,,,,,
ECON-02,ความมั่นคงและความเสมอภาคทางเศรษฐกิจ (Economic security and equality),การจ้างงาน,อัตราส่วนการจ้างงานต่อประชากร,,%,direct,,,,2565,72.4,age group,25-29 ปี,89.2,,,,,,
ECON-02,ความมั่นคงและความเสมอภาคทางเศรษฐกิจ (Economic security and equality),การจ้างงาน,อัตราส่วนการจ้างงานต่อประชากร,,%,direct,,,,2565,72.4,age group,35-39 ปี,92.9,,,,,,
ECON-02,ความมั่นคงและความเสมอภาคทางเศรษฐกิจ (Economic security and equality),การจ้างงาน,อัตราส่วนการจ้างงานต่อประชากร,,%,direct,,,,2565,72.4,age group,40-49 ปี,91,,,,,,
ECON-02,ความมั่นคงและความเสมอภาคทางเศรษฐกิจ (Economic security and equality),การจ้างงาน,อัตราส่วนการจ้างงานต่อประชากร,,%,direct,,,,2565,72.4,age group,50-59 ปี,91.3,,,,,,
ECON-02,ความมั่นคงและความเสมอภาคทางเศรษฐกิจ (Economic security and equality),การจ้างงาน,อัตราส่วนการจ้างงานต่อประชากร,,%,direct,,,,2565,72.4,age group,60 ปีขึ้นไป,79.6,,,,,,
ECON-02,ความมั่นคงและความเสมอภาคทางเศรษฐกิจ (Economic security and equality),การจ้างงาน,อัตราส่วนการจ้างงานต่อประชากร,,%,direct,,,,2565,72.4,age group,30-34 ปี,89.4,,,,,,
ECON-02,ความมั่นคงและความเสมอภาคทางเศรษฐกิจ (Economic security and equality),การจ้างงาน,อัตราส่วนการจ้างงานต่อประชากร,,%,direct,,,,2564,70.1,age group,15-19 ปี,7.6,,,,,,
ECON-02,ความมั่นคงและความเสมอภาคทางเศรษฐกิจ (Economic security and equality),การจ้างงาน,อัตราส่วนการจ้างงานต่อประชากร,,%,direct,,,,2564,70.1,age group,20-24 ปี,52.1,,,,,,
ECON-02,ความมั่นคงและความเสมอภาคทางเศรษฐกิจ (Economic security and equality),การจ้างงาน,อัตราส่วนการจ้างงานต่อประชากร,,%,direct,,,,2564,70.1,age group,25-29 ปี,89,,,,,,
ECON-02,ความมั่นคงและความเสมอภาคทางเศรษฐกิจ (Economic security and equality),การจ้างงาน,อัตราส่วนการจ้างงานต่อประชากร,,%,direct,,,,2564,70.1,age group,35-39 ปี,88.7,,,,,,
ECON-02,ความมั่นคงและความเสมอภาคทางเศรษฐกิจ (Economic security and equality),การจ้างงาน,อัตราส่วนการจ้างงานต่อประชากร,,%,direct,,,,2564,70.1,age group,40-49 ปี,88.9,,,,,,
ECON-02,ความมั่นคงและความเสมอภาคทางเศรษฐกิจ (Economic security and equality),การจ้างงาน,อัตราส่วนการจ้างงานต่อประชากร,,%,direct,,,,2564,70.1,age group,50-59 ปี,89,,,,,,
ECON-02,ความมั่นคงและความเสมอภาคทางเศรษฐกิจ (Economic security and equality),การจ้างงาน,อัตราส่วนการจ้างงานต่อประชากร,,%,direct,,,,2564,70.1,age group,60 ปีขึ้นไป,79.3,,,,,,
ECON-02,ความมั่นคงและความเสมอภาคทางเศรษฐกิจ (Economic security and equality),การจ้างงาน,อัตราส่วนการจ้างงานต่อประชากร,,%,direct,,,,2564,70.1,age group,30-34 ปี,91.3,,,,,,
ECON-02,ความมั่นคงและความเสมอภาคทางเศรษฐกิจ (Economic security and equality),การจ้างงาน,อัตราส่วนการจ้างงานต่อประชากร,,%,direct,,,,2563,69.9,age group,15-19 ปี,10.5,,,,,,
ECON-02,ความมั่นคงและความเสมอภาคทางเศรษฐกิจ (Economic security and equality),การจ้างงาน,อัตราส่วนการจ้างงานต่อประชากร,,%,direct,,,,2563,69.9,age group,20-24 ปี,52.9,,,,,,
ECON-02,ความมั่นคงและความเสมอภาคทางเศรษฐกิจ (Economic security and equality),การจ้างงาน,อัตราส่วนการจ้างงานต่อประชากร,,%,direct,,,,2563,69.9,age group,25-29 ปี,88.9,,,,,,
ECON-02,ความมั่นคงและความเสมอภาคทางเศรษฐกิจ (Economic security and equality),การจ้างงาน,อัตราส่วนการจ้างงานต่อประชากร,,%,direct,,,,2563,69.9,age group,35-39 ปี,89.7,,,,,,
ECON-02,ความมั่นคงและความเสมอภาคทางเศรษฐกิจ (Economic security and equality),การจ้างงาน,อัตราส่วนการจ้างงานต่อประชากร,,%,direct,,,,2563,69.9,age group,40-49 ปี,88.6,,,,,,
ECON-02,ความมั่นคงและความเสมอภาคทางเศรษฐกิจ (Economic security and equality),การจ้างงาน,อัตราส่วนการจ้างงานต่อประชากร,,%,direct,,,,2563,69.9,age group,50-59 ปี,89.1,,,,,,
ECON-02,ความมั่นคงและความเสมอภาคทางเศรษฐกิจ (Economic security and equality),การจ้างงาน,อัตราส่วนการจ้างงานต่อประชากร,,%,direct,,,,2563,69.9,age group,60 ปีขึ้นไป,76.2,,,,,,
ECON-02,ความมั่นคงและความเสมอภาคทางเศรษฐกิจ (Economic security and equality),การจ้างงาน,อัตราส่วนการจ้างงานต่อประชากร,,%,direct,,,,2563,69.9,age group,30-34 ปี,91.1,,,,,,
ECON-02,ความมั่นคงและความเสมอภาคทางเศรษฐกิจ (Economic security and equality),การจ้างงาน,อัตราส่วนการจ้างงานต่อประชากร,,%,direct,,,,2562,0.6,age group,15-19 ปี,9.5,,,,,,
ECON-02,ความมั่นคงและความเสมอภาคทางเศรษฐกิจ (Economic security and equality),การจ้างงาน,อัตราส่วนการจ้างงานต่อประชากร,,%,direct,,,,2562,0.6,age group,20-24 ปี,50.7,,,,,,
ECON-02,ความมั่นคงและความเสมอภาคทางเศรษฐกิจ (Economic security and equality),การจ้างงาน,อัตราส่วนการจ้างงานต่อประชากร,,%,direct,,,,2562,0.6,age group,25-29 ปี,89.2,,,,,,
ECON-02,ความมั่นคงและความเสมอภาคทางเศรษฐกิจ (Economic security and equality),การจ้างงาน,อัตราส่วนการจ้างงานต่อประชากร,,%,direct,,,,2562,0.6,age group,35-39 ปี,87.7,,,,,,
ECON-02,ความมั่นคงและความเสมอภาคทางเศรษฐกิจ (Economic security and equality),การจ้างงาน,อัตราส่วนการจ้างงานต่อประชากร,,%,direct,,,,2562,0.6,age group,40-49 ปี,89.8,,,,,,
ECON-02,ความมั่นคงและความเสมอภาคทางเศรษฐกิจ (Economic security and equality),การจ้างงาน,อัตราส่วนการจ้างงานต่อประชากร,,%,direct,,,,2562,0.6,age group,50-59 ปี,86.9,,,,,,
ECON-02,ความมั่นคงและความเสมอภาคทางเศรษฐกิจ (Economic security and equality),การจ้างงาน,อัตราส่วนการจ้างงานต่อประชากร,,%,direct,,,,2562,0.6,age group,60 ปีขึ้นไป,75.2,,,,,,
ECON-02,ความมั่นคงและความเสมอภาคทางเศรษฐกิจ (Economic security and equality),การจ้างงาน,อัตราส่วนการจ้างงานต่อประชากร,,%,direct,,,,2562,0.6,age group,30-34 ปี,91,,,,,,
ECON-02,ความมั่นคงและความเสมอภาคทางเศรษฐกิจ (Economic security and equality),การจ้างงาน,อัตราส่วนการจ้างงานต่อประชากร,,%,direct,,,,2566,72.6,education level,ไม่มีการศึกษา,56.1,,,,,,
ECON-02,ความมั่นคงและความเสมอภาคทางเศรษฐกิจ (Economic security and equality),การจ้างงาน,อัตราส่วนการจ้างงานต่อประชากร,,%,direct,,,,2566,72.6,education level,ต่ำกว่าประถมศึกษา,45.3,,,,,,
ECON-02,ความมั่นคงและความเสมอภาคทางเศรษฐกิจ (Economic security and equality),การจ้างงาน,อัตราส่วนการจ้างงานต่อประชากร,,%,direct,,,,2566,72.6,education level,ประถมศึกษา,78.3,,,,,,
ECON-02,ความมั่นคงและความเสมอภาคทางเศรษฐกิจ (Economic security and equality),การจ้างงาน,อัตราส่วนการจ้างงานต่อประชากร,,%,direct,,,,2566,72.6,education level,มัธยมศึกษาตอนต้น,72.1,,,,,,
ECON-02,ความมั่นคงและความเสมอภาคทางเศรษฐกิจ (Economic security and equality),การจ้างงาน,อัตราส่วนการจ้างงานต่อประชากร,,%,direct,,,,2566,72.6,education level,มัธยมศึกษาตอนปลาย สายสามัญ,65.7,,,,,,
ECON-02,ความมั่นคงและความเสมอภาคทางเศรษฐกิจ (Economic security and equality),การจ้างงาน,อัตราส่วนการจ้างงานต่อประชากร,,%,direct,,,,2566,72.6,education level,มัธยมศึกษาตอนปลาย สายอาชีวศึกษา,75.1,,,,,,
ECON-02,ความมั่นคงและความเสมอภาคทางเศรษฐกิจ (Economic security and equality),การจ้างงาน,อัตราส่วนการจ้างงานต่อประชากร,,%,direct,,,,2566,72.6,education level,มัธยมศึกษาตอนปลาย สายวิชาการ,100,,,,,,
ECON-02,ความมั่นคงและความเสมอภาคทางเศรษฐกิจ (Economic security and equality),การจ้างงาน,อัตราส่วนการจ้างงานต่อประชากร,,%,direct,,,,2566,72.6,education level,อุดมศึกษา สายวิชาการ,80.8,,,,,,
ECON-02,ความมั่นคงและความเสมอภาคทางเศรษฐกิจ (Economic security and equality),การจ้างงาน,อัตราส่วนการจ้างงานต่อประชากร,,%,direct,,,,2566,72.6,education level,อุดมศึกษา สายวิชาชีพ,78.4,,,,,,
ECON-02,ความมั่นคงและความเสมอภาคทางเศรษฐกิจ (Economic security and equality),การจ้างงาน,อัตราส่วนการจ้างงานต่อประชากร,,%,direct,,,,2566,72.6,education level,อุดมศึกษา สายวิชาการศึกษา,70.1,,,,,,
ECON-02,ความมั่นคงและความเสมอภาคทางเศรษฐกิจ (Economic security and equality),การจ้างงาน,อัตราส่วนการจ้างงานต่อประชากร,,%,direct,,,,2566,72.6,education level,การศึกษาอื่นๆ,100,,,,,,
ECON-02,ความมั่นคงและความเสมอภาคทางเศรษฐกิจ (Economic security and equality),การจ้างงาน,อัตราส่วนการจ้างงานต่อประชากร,,%,direct,,,,2566,72.6,education level,ไม่ทราบ,70.7,,,,,,
ECON-02,ความมั่นคงและความเสมอภาคทางเศรษฐกิจ (Economic security and equality),การจ้างงาน,อัตราส่วนการจ้างงานต่อประชากร,,%,direct,,,,2565,72.4,education level,ไม่มีการศึกษา,57.3,,,,,,
ECON-02,ความมั่นคงและความเสมอภาคทางเศรษฐกิจ (Economic security and equality),การจ้างงาน,อัตราส่วนการจ้างงานต่อประชากร,,%,direct,,,,2565,72.4,education level,ต่ำกว่าประถมศึกษา,44.6,,,,,,
ECON-02,ความมั่นคงและความเสมอภาคทางเศรษฐกิจ (Economic security and equality),การจ้างงาน,อัตราส่วนการจ้างงานต่อประชากร,,%,direct,,,,2565,72.4,education level,ประถมศึกษา,78.1,,,,,,
ECON-02,ความมั่นคงและความเสมอภาคทางเศรษฐกิจ (Economic security and equality),การจ้างงาน,อัตราส่วนการจ้างงานต่อประชากร,,%,direct,,,,2565,72.4,education level,มัธยมศึกษาตอนต้น,69.1,,,,,,
ECON-02,ความมั่นคงและความเสมอภาคทางเศรษฐกิจ (Economic security and equality),การจ้างงาน,อัตราส่วนการจ้างงานต่อประชากร,,%,direct,,,,2565,72.4,education level,มัธยมศึกษาตอนปลาย สายสามัญ,68.9,,,,,,
ECON-02,ความมั่นคงและความเสมอภาคทางเศรษฐกิจ (Economic security and equality),การจ้างงาน,อัตราส่วนการจ้างงานต่อประชากร,,%,direct,,,,2565,72.4,education level,มัธยมศึกษาตอนปลาย สายอาชีวศึกษา,74.9,,,,,,
ECON-02,ความมั่นคงและความเสมอภาคทางเศรษฐกิจ (Economic security and equality),การจ้างงาน,อัตราส่วนการจ้างงานต่อประชากร,,%,direct,,,,2565,72.4,education level,มัธยมศึกษาตอนปลาย สายวิชาการ,100,,,,,,
ECON-02,ความมั่นคงและความเสมอภาคทางเศรษฐกิจ (Economic security and equality),การจ้างงาน,อัตราส่วนการจ้างงานต่อประชากร,,%,direct,,,,2565,72.4,education level,อุดมศึกษา สายวิชาการ,81.2,,,,,,
ECON-02,ความมั่นคงและความเสมอภาคทางเศรษฐกิจ (Economic security and equality),การจ้างงาน,อัตราส่วนการจ้างงานต่อประชากร,,%,direct,,,,2565,72.4,education level,อุดมศึกษา สายวิชาชีพ,81.7,,,,,,
ECON-02,ความมั่นคงและความเสมอภาคทางเศรษฐกิจ (Economic security and equality),การจ้างงาน,อัตราส่วนการจ้างงานต่อประชากร,,%,direct,,,,2565,72.4,education level,อุดมศึกษา สายวิชาการศึกษา,61.8,,,,,,
ECON-02,ความมั่นคงและความเสมอภาคทางเศรษฐกิจ (Economic security and equality),การจ้างงาน,อัตราส่วนการจ้างงานต่อประชากร,,%,direct,,,,2565,72.4,education level,การศึกษาอื่นๆ,100,,,,,,
ECON-02,ความมั่นคงและความเสมอภาคทางเศรษฐกิจ (Economic security and equality),การจ้างงาน,อัตราส่วนการจ้างงานต่อประชากร,,%,direct,,,,2565,72.4,education level,ไม่ทราบ,58.9,,,,,,
ECON-02,ความมั่นคงและความเสมอภาคทางเศรษฐกิจ (Economic security and equality),การจ้างงาน,อัตราส่วนการจ้างงานต่อประชากร,,%,direct,,,,2564,70.1,education level,ไม่มีการศึกษา,58.8,,,,,,
ECON-02,ความมั่นคงและความเสมอภาคทางเศรษฐกิจ (Economic security and equality),การจ้างงาน,อัตราส่วนการจ้างงานต่อประชากร,,%,direct,,,,2564,70.1,education level,ต่ำกว่าประถมศึกษา,48.2,,,,,,
ECON-02,ความมั่นคงและความเสมอภาคทางเศรษฐกิจ (Economic security and equality),การจ้างงาน,อัตราส่วนการจ้างงานต่อประชากร,,%,direct,,,,2564,70.1,education level,ประถมศึกษา,75.2,,,,,,
ECON-02,ความมั่นคงและความเสมอภาคทางเศรษฐกิจ (Economic security and equality),การจ้างงาน,อัตราส่วนการจ้างงานต่อประชากร,,%,direct,,,,2564,70.1,education level,มัธยมศึกษาตอนต้น,67.7,,,,,,
ECON-02,ความมั่นคงและความเสมอภาคทางเศรษฐกิจ (Economic security and equality),การจ้างงาน,อัตราส่วนการจ้างงานต่อประชากร,,%,direct,,,,2564,70.1,education level,มัธยมศึกษาตอนปลาย สายสามัญ,64,,,,,,
ECON-02,ความมั่นคงและความเสมอภาคทางเศรษฐกิจ (Economic security and equality),การจ้างงาน,อัตราส่วนการจ้างงานต่อประชากร,,%,direct,,,,2564,70.1,education level,มัธยมศึกษาตอนปลาย สายอาชีวศึกษา,71.5,,,,,,
ECON-02,ความมั่นคงและความเสมอภาคทางเศรษฐกิจ (Economic security and equality),การจ้างงาน,อัตราส่วนการจ้างงานต่อประชากร,,%,direct,,,,2564,70.1,education level,มัธยมศึกษาตอนปลาย สายวิชาการ,71.5,,,,,,
ECON-02,ความมั่นคงและความเสมอภาคทางเศรษฐกิจ (Economic security and equality),การจ้างงาน,อัตราส่วนการจ้างงานต่อประชากร,,%,direct,,,,2564,70.1,education level,อุดมศึกษา สายวิชาการ,79.3,,,,,,
ECON-02,ความมั่นคงและความเสมอภาคทางเศรษฐกิจ (Economic security and equality),การจ้างงาน,อัตราส่วนการจ้างงานต่อประชากร,,%,direct,,,,2564,70.1,education level,อุดมศึกษา สายวิชาชีพ,77.6,,,,,,
ECON-02,ความมั่นคงและความเสมอภาคทางเศรษฐกิจ (Economic security and equality),การจ้างงาน,อัตราส่วนการจ้างงานต่อประชากร,,%,direct,,,,2564,70.1,education level,อุดมศึกษา สายวิชาการศึกษา,57.6,,,,,,
ECON-02,ความมั่นคงและความเสมอภาคทางเศรษฐกิจ (Economic security and equality),การจ้างงาน,อัตราส่วนการจ้างงานต่อประชากร,,%,direct,,,,2564,70.1,education level,การศึกษาอื่นๆ,93,,,,,,
ECON-02,ความมั่นคงและความเสมอภาคทางเศรษฐกิจ (Economic security and equality),การจ้างงาน,อัตราส่วนการจ้างงานต่อประชากร,,%,direct,,,,2564,70.1,education level,ไม่ทราบ,73.1,,,,,,
ECON-02,ความมั่นคงและความเสมอภาคทางเศรษฐกิจ (Economic security and equality),การจ้างงาน,อัตราส่วนการจ้างงานต่อประชากร,,%,direct,,,,2563,69.9,education level,ไม่มีการศึกษา,51.3,,,,,,
ECON-02,ความมั่นคงและความเสมอภาคทางเศรษฐกิจ (Economic security and equality),การจ้างงาน,อัตราส่วนการจ้างงานต่อประชากร,,%,direct,,,,2563,69.9,education level,ต่ำกว่าประถมศึกษา,44.3,,,,,,
ECON-02,ความมั่นคงและความเสมอภาคทางเศรษฐกิจ (Economic security and equality),การจ้างงาน,อัตราส่วนการจ้างงานต่อประชากร,,%,direct,,,,2563,69.9,education level,ประถมศึกษา,75.3,,,,,,
ECON-02,ความมั่นคงและความเสมอภาคทางเศรษฐกิจ (Economic security and equality),การจ้างงาน,อัตราส่วนการจ้างงานต่อประชากร,,%,direct,,,,2563,69.9,education level,มัธยมศึกษาตอนต้น,67.2,,,,,,
ECON-02,ความมั่นคงและความเสมอภาคทางเศรษฐกิจ (Economic security and equality),การจ้างงาน,อัตราส่วนการจ้างงานต่อประชากร,,%,direct,,,,2563,69.9,education level,มัธยมศึกษาตอนปลาย สายสามัญ,60.5,,,,,,
ECON-02,ความมั่นคงและความเสมอภาคทางเศรษฐกิจ (Economic security and equality),การจ้างงาน,อัตราส่วนการจ้างงานต่อประชากร,,%,direct,,,,2563,69.9,education level,มัธยมศึกษาตอนปลาย สายอาชีวศึกษา,72.8,,,,,,
ECON-02,ความมั่นคงและความเสมอภาคทางเศรษฐกิจ (Economic security and equality),การจ้างงาน,อัตราส่วนการจ้างงานต่อประชากร,,%,direct,,,,2563,69.9,education level,มัธยมศึกษาตอนปลาย สายวิชาการ,100,,,,,,
ECON-02,ความมั่นคงและความเสมอภาคทางเศรษฐกิจ (Economic security and equality),การจ้างงาน,อัตราส่วนการจ้างงานต่อประชากร,,%,direct,,,,2563,69.9,education level,อุดมศึกษา สายวิชาการ,79.8,,,,,,
ECON-02,ความมั่นคงและความเสมอภาคทางเศรษฐกิจ (Economic security and equality),การจ้างงาน,อัตราส่วนการจ้างงานต่อประชากร,,%,direct,,,,2563,69.9,education level,อุดมศึกษา สายวิชาชีพ,76.7,,,,,,
ECON-02,ความมั่นคงและความเสมอภาคทางเศรษฐกิจ (Economic security and equality),การจ้างงาน,อัตราส่วนการจ้างงานต่อประชากร,,%,direct,,,,2563,69.9,education level,อุดมศึกษา สายวิชาการศึกษา,65.4,,,,,,
ECON-02,ความมั่นคงและความเสมอภาคทางเศรษฐกิจ (Economic security and equality),การจ้างงาน,อัตราส่วนการจ้างงานต่อประชากร,,%,direct,,,,2563,69.9,education level,การศึกษาอื่นๆ,0,,,,,,
ECON-02,ความมั่นคงและความเสมอภาคทางเศรษฐกิจ (Economic security and equality),การจ้างงาน,อัตราส่วนการจ้างงานต่อประชากร,,%,direct,,,,2563,69.9,education level,ไม่ทราบ,80.3,,,,,,
ECON-02,ความมั่นคงและความเสมอภาคทางเศรษฐกิจ (Economic security and equality),การจ้างงาน,อัตราส่วนการจ้างงานต่อประชากร,,%,direct,,,,2562,0.6,education level,ไม่มีการศึกษา,52.8,,,,,,
ECON-02,ความมั่นคงและความเสมอภาคทางเศรษฐกิจ (Economic security and equality),การจ้างงาน,อัตราส่วนการจ้างงานต่อประชากร,,%,direct,,,,2562,0.6,education level,ต่ำกว่าประถมศึกษา,41.6,,,,,,
ECON-02,ความมั่นคงและความเสมอภาคทางเศรษฐกิจ (Economic security and equality),การจ้างงาน,อัตราส่วนการจ้างงานต่อประชากร,,%,direct,,,,2562,0.6,education level,ประถมศึกษา,73.8,,,,,,
ECON-02,ความมั่นคงและความเสมอภาคทางเศรษฐกิจ (Economic security and equality),การจ้างงาน,อัตราส่วนการจ้างงานต่อประชากร,,%,direct,,,,2562,0.6,education level,มัธยมศึกษาตอนต้น,67.1,,,,,,
ECON-02,ความมั่นคงและความเสมอภาคทางเศรษฐกิจ (Economic security and equality),การจ้างงาน,อัตราส่วนการจ้างงานต่อประชากร,,%,direct,,,,2562,0.6,education level,มัธยมศึกษาตอนปลาย สายสามัญ,58.5,,,,,,
ECON-02,ความมั่นคงและความเสมอภาคทางเศรษฐกิจ (Economic security and equality),การจ้างงาน,อัตราส่วนการจ้างงานต่อประชากร,,%,direct,,,,2562,0.6,education level,มัธยมศึกษาตอนปลาย สายอาชีวศึกษา,71.3,,,,,,
ECON-02,ความมั่นคงและความเสมอภาคทางเศรษฐกิจ (Economic security and equality),การจ้างงาน,อัตราส่วนการจ้างงานต่อประชากร,,%,direct,,,,2562,0.6,education level,มัธยมศึกษาตอนปลาย สายวิชาการ,39.5,,,,,,
ECON-02,ความมั่นคงและความเสมอภาคทางเศรษฐกิจ (Economic security and equality),การจ้างงาน,อัตราส่วนการจ้างงานต่อประชากร,,%,direct,,,,2562,0.6,education level,อุดมศึกษา สายวิชาการ,80.7,,,,,,
ECON-02,ความมั่นคงและความเสมอภาคทางเศรษฐกิจ (Economic security and equality),การจ้างงาน,อัตราส่วนการจ้างงานต่อประชากร,,%,direct,,,,2562,0.6,education level,อุดมศึกษา สายวิชาชีพ,77.3,,,,,,
ECON-02,ความมั่นคงและความเสมอภาคทางเศรษฐกิจ (Economic security and equality),การจ้างงาน,อัตราส่วนการจ้างงานต่อประชากร,,%,direct,,,,2562,0.6,education level,อุดมศึกษา สายวิชาการศึกษา,70.7,,,,,,
ECON-02,ความมั่นคงและความเสมอภาคทางเศรษฐกิจ (Economic security and equality),การจ้างงาน,อัตราส่วนการจ้างงานต่อประชากร,,%,direct,,,,2562,0.6,education level,การศึกษาอื่นๆ,0,,,,,,
ECON-02,ความมั่นคงและความเสมอภาคทางเศรษฐกิจ (Economic security and equality),การจ้างงาน,อัตราส่วนการจ้างงานต่อประชากร,,%,direct,,,,2562,0.6,education level,ไม่ทราบ,66.5,,,,,,
ECON-03,ความมั่นคงและความเสมอภาคทางเศรษฐกิจ (Economic security and equality),การจ้างงาน,อัตราการจ้างงานที่ไม่มั่นคงต่อการจ้างงานทั้งหมด,,%,reverse,0.14,24.8,24,2566,24,sex,male,25.8,,,,,,
ECON-03,ความมั่นคงและความเสมอภาคทางเศรษฐกิจ (Economic security and equality),การจ้างงาน,อัตราการจ้างงานที่ไม่มั่นคงต่อการจ้างงานทั้งหมด,,%,reverse,,,,2565,24.2,sex,male,25.4,,,,,,
ECON-03,ความมั่นคงและความเสมอภาคทางเศรษฐกิจ (Economic security and equality),การจ้างงาน,อัตราการจ้างงานที่ไม่มั่นคงต่อการจ้างงานทั้งหมด,,%,reverse,,,,2564,20.6,sex,male,21.4,,,,,,
ECON-03,ความมั่นคงและความเสมอภาคทางเศรษฐกิจ (Economic security and equality),การจ้างงาน,อัตราการจ้างงานที่ไม่มั่นคงต่อการจ้างงานทั้งหมด,,%,reverse,,,,2563,24.8,sex,male,26.8,,,,,,
ECON-03,ความมั่นคงและความเสมอภาคทางเศรษฐกิจ (Economic security and equality),การจ้างงาน,อัตราการจ้างงานที่ไม่มั่นคงต่อการจ้างงานทั้งหมด,,%,reverse,,,,2566,24,sex,female,22.1,,,,,,
ECON-03,ความมั่นคงและความเสมอภาคทางเศรษฐกิจ (Economic security and equality),การจ้างงาน,อัตราการจ้างงานที่ไม่มั่นคงต่อการจ้างงานทั้งหมด,,%,reverse,,,,2565,24.2,sex,female,23,,,,,,
ECON-03,ความมั่นคงและความเสมอภาคทางเศรษฐกิจ (Economic security and equality),การจ้างงาน,อัตราการจ้างงานที่ไม่มั่นคงต่อการจ้างงานทั้งหมด,,%,reverse,,,,2564,20.6,sex,female,19.8,,,,,,
ECON-03,ความมั่นคงและความเสมอภาคทางเศรษฐกิจ (Economic security and equality),การจ้างงาน,อัตราการจ้างงานที่ไม่มั่นคงต่อการจ้างงานทั้งหมด,,%,reverse,,,,2563,24.8,sex,female,22.6,,,,,,
ECON-04,ความมั่นคงและความเสมอภาคทางเศรษฐกิจ (Economic security and equality),การจ้างงาน,สัดส่วนของเด็กอายุ 5-17 ปี ที่เป็นแรงงานเด็ก,,%,reverse,0,1.5,1.5,2561,1.5,sex,male,1.6,,,,,,
ECON-04,ความมั่นคงและความเสมอภาคทางเศรษฐกิจ (Economic security and equality),การจ้างงาน,สัดส่วนของเด็กอายุ 5-17 ปี ที่เป็นแรงงานเด็ก,,%,reverse,,,,2561,1.5,sex,female,1.4,,,,,,
ECON-04,ความมั่นคงและความเสมอภาคทางเศรษฐกิจ (Economic security and equality),การจ้างงาน,สัดส่วนของเด็กอายุ 5-17 ปี ที่เป็นแรงงานเด็ก,,%,reverse,,,,2561,1.5,activity,ทํางานอย่างเดียว,0.1,,,,,,
ECON-04,ความมั่นคงและความเสมอภาคทางเศรษฐกิจ (Economic security and equality),การจ้างงาน,สัดส่วนของเด็กอายุ 5-17 ปี ที่เป็นแรงงานเด็ก,,%,reverse,,,,2561,1.5,activity,ทํางานและเรียน,0.9,,,,,,
ECON-04,ความมั่นคงและความเสมอภาคทางเศรษฐกิจ (Economic security and equality),การจ้างงาน,สัดส่วนของเด็กอายุ 5-17 ปี ที่เป็นแรงงานเด็ก,,%,reverse,,,,2561,1.5,activity,ทำงานและช่วยงานบ้าน,1.5,,,,,,
ECON-04,ความมั่นคงและความเสมอภาคทางเศรษฐกิจ (Economic security and equality),การจ้างงาน,สัดส่วนของเด็กอายุ 5-17 ปี ที่เป็นแรงงานเด็ก,,%,reverse,,,,2561,1.5,activity,ทำงาน เรียน และช่วยงานบ้าน,0.9,,,,,,
ECON-04,ความมั่นคงและความเสมอภาคทางเศรษฐกิจ (Economic security and equality),การจ้างงาน,สัดส่วนของเด็กอายุ 5-17 ปี ที่เป็นแรงงานเด็ก,,%,reverse,,,,2561,1.5,activity,เรียนอย่างเดียว,31.4,,,,,,
ECON-04,ความมั่นคงและความเสมอภาคทางเศรษฐกิจ (Economic security and equality),การจ้างงาน,สัดส่วนของเด็กอายุ 5-17 ปี ที่เป็นแรงงานเด็ก,,%,reverse,,,,2561,1.5,activity,เรียนและช่วยงานบ้าน,64.7,,,,,,
ECON-04,ความมั่นคงและความเสมอภาคทางเศรษฐกิจ (Economic security and equality),การจ้างงาน,สัดส่วนของเด็กอายุ 5-17 ปี ที่เป็นแรงงานเด็ก,,%,reverse,,,,2561,1.5,activity,ช่วยงานบ้านอย่างเดียว,1.5,,,,,,
ECON-04,ความมั่นคงและความเสมอภาคทางเศรษฐกิจ (Economic security and equality),การจ้างงาน,สัดส่วนของเด็กอายุ 5-17 ปี ที่เป็นแรงงานเด็ก,,%,reverse,,,,2561,1.5,activity,ไม่ทำกิจกรรมใดเลย,1.7,,,,,,
ECON-05,ความมั่นคงและความเสมอภาคทางเศรษฐกิจ (Economic security and equality),การจ้างงาน,อัตราค่าจ้างรายชั่วโมง,,บาท,direct,45.4,88,83,2566,83,sex,male,90.5,,สำนักงานสถิติแห่งชาติ,อัตราค่าแรงขั้นต่ำปี 2567 ของจังหวัดกรุงเทพมหานคร,,,
ECON-05,ความมั่นคงและความเสมอภาคทางเศรษฐกิจ (Economic security and equality),การจ้างงาน,อัตราค่าจ้างรายชั่วโมง,,บาท,direct,,,,2565,83.9,sex,male,91.6,,,,,,
ECON-05,ความมั่นคงและความเสมอภาคทางเศรษฐกิจ (Economic security and equality),การจ้างงาน,อัตราค่าจ้างรายชั่วโมง,,บาท,direct,,,,2564,82.3,sex,male,84.4,,,,,,
ECON-05,ความมั่นคงและความเสมอภาคทางเศรษฐกิจ (Economic security and equality),การจ้างงาน,อัตราค่าจ้างรายชั่วโมง,,บาท,direct,,,,2563,89.1,sex,male,88.3,,,,,,
ECON-05,ความมั่นคงและความเสมอภาคทางเศรษฐกิจ (Economic security and equality),การจ้างงาน,อัตราค่าจ้างรายชั่วโมง,,บาท,direct,,,,2562,88,sex,male,85.9,,,,,,
ECON-05,ความมั่นคงและความเสมอภาคทางเศรษฐกิจ (Economic security and equality),การจ้างงาน,อัตราค่าจ้างรายชั่วโมง,,บาท,direct,,,,2566,83,sex,female,80.1,,,,,,
ECON-05,ความมั่นคงและความเสมอภาคทางเศรษฐกิจ (Economic security and equality),การจ้างงาน,อัตราค่าจ้างรายชั่วโมง,,บาท,direct,,,,2565,83.9,sex,female,79.7,,,,,,
ECON-05,ความมั่นคงและความเสมอภาคทางเศรษฐกิจ (Economic security and equality),การจ้างงาน,อัตราค่าจ้างรายชั่วโมง,,บาท,direct,,,,2564,82.3,sex,female,80.1,,,,,,
ECON-05,ความมั่นคงและความเสมอภาคทางเศรษฐกิจ (Economic security and equality),การจ้างงาน,อัตราค่าจ้างรายชั่วโมง,,บาท,direct,,,,2563,89.1,sex,female,86.5,,,,,,
ECON-05,ความมั่นคงและความเสมอภาคทางเศรษฐกิจ (Economic security and equality),การจ้างงาน,อัตราค่าจ้างรายชั่วโมง,,บาท,direct,,,,2562,88,sex,female,85.4,,,,,,
ECON-05,ความมั่นคงและความเสมอภาคทางเศรษฐกิจ (Economic security and equality),การจ้างงาน,อัตราค่าจ้างรายชั่วโมง,,บาท,direct,,,,2566,83,age group,15-19 ปี,40.9,,,,,,
ECON-05,ความมั่นคงและความเสมอภาคทางเศรษฐกิจ (Economic security and equality),การจ้างงาน,อัตราค่าจ้างรายชั่วโมง,,บาท,direct,,,,2566,83,age group,20-24 ปี,54.9,,,,,,
ECON-05,ความมั่นคงและความเสมอภาคทางเศรษฐกิจ (Economic security and equality),การจ้างงาน,อัตราค่าจ้างรายชั่วโมง,,บาท,direct,,,,2566,83,age group,25-29 ปี,69.2,,,,,,
ECON-05,ความมั่นคงและความเสมอภาคทางเศรษฐกิจ (Economic security and equality),การจ้างงาน,อัตราค่าจ้างรายชั่วโมง,,บาท,direct,,,,2566,83,age group,30-34 ปี,80.1,,,,,,
ECON-05,ความมั่นคงและความเสมอภาคทางเศรษฐกิจ (Economic security and equality),การจ้างงาน,อัตราค่าจ้างรายชั่วโมง,,บาท,direct,,,,2566,83,age group,35-39 ปี,79.8,,,,,,
ECON-05,ความมั่นคงและความเสมอภาคทางเศรษฐกิจ (Economic security and equality),การจ้างงาน,อัตราค่าจ้างรายชั่วโมง,,บาท,direct,,,,2566,83,age group,40-49 ปี,90.9,,,,,,
ECON-05,ความมั่นคงและความเสมอภาคทางเศรษฐกิจ (Economic security and equality),การจ้างงาน,อัตราค่าจ้างรายชั่วโมง,,บาท,direct,,,,2566,83,age group,50-59 ปี,98.2,,,,,,
ECON-05,ความมั่นคงและความเสมอภาคทางเศรษฐกิจ (Economic security and equality),การจ้างงาน,อัตราค่าจ้างรายชั่วโมง,,บาท,direct,,,,2566,83,age group,60 ปีขึ้นไป,83.6,,,,,,
ECON-05,ความมั่นคงและความเสมอภาคทางเศรษฐกิจ (Economic security and equality),การจ้างงาน,อัตราค่าจ้างรายชั่วโมง,,บาท,direct,,,,2565,83.9,age group,15-19 ปี,40,,,,,,
ECON-05,ความมั่นคงและความเสมอภาคทางเศรษฐกิจ (Economic security and equality),การจ้างงาน,อัตราค่าจ้างรายชั่วโมง,,บาท,direct,,,,2565,83.9,age group,20-24 ปี,57,,,,,,
ECON-05,ความมั่นคงและความเสมอภาคทางเศรษฐกิจ (Economic security and equality),การจ้างงาน,อัตราค่าจ้างรายชั่วโมง,,บาท,direct,,,,2565,83.9,age group,25-29 ปี,70.6,,,,,,
ECON-05,ความมั่นคงและความเสมอภาคทางเศรษฐกิจ (Economic security and equality),การจ้างงาน,อัตราค่าจ้างรายชั่วโมง,,บาท,direct,,,,2565,83.9,age group,30-34 ปี,80.7,,,,,,
ECON-05,ความมั่นคงและความเสมอภาคทางเศรษฐกิจ (Economic security and equality),การจ้างงาน,อัตราค่าจ้างรายชั่วโมง,,บาท,direct,,,,2565,83.9,age group,35-39 ปี,82.8,,,,,,
ECON-05,ความมั่นคงและความเสมอภาคทางเศรษฐกิจ (Economic security and equality),การจ้างงาน,อัตราค่าจ้างรายชั่วโมง,,บาท,direct,,,,2565,83.9,age group,40-49 ปี,88.3,,,,,,
ECON-05,ความมั่นคงและความเสมอภาคทางเศรษฐกิจ (Economic security and equality),การจ้างงาน,อัตราค่าจ้างรายชั่วโมง,,บาท,direct,,,,2565,83.9,age group,50-59 ปี,99.9,,,,,,
ECON-05,ความมั่นคงและความเสมอภาคทางเศรษฐกิจ (Economic security and equality),การจ้างงาน,อัตราค่าจ้างรายชั่วโมง,,บาท,direct,,,,2565,83.9,age group,60 ปีขึ้นไป,102.4,,,,,,
ECON-05,ความมั่นคงและความเสมอภาคทางเศรษฐกิจ (Economic security and equality),การจ้างงาน,อัตราค่าจ้างรายชั่วโมง,,บาท,direct,,,,2564,82.3,age group,15-19 ปี,43.3,,,,,,
ECON-05,ความมั่นคงและความเสมอภาคทางเศรษฐกิจ (Economic security and equality),การจ้างงาน,อัตราค่าจ้างรายชั่วโมง,,บาท,direct,,,,2564,82.3,age group,20-24 ปี,52.8,,,,,,
ECON-05,ความมั่นคงและความเสมอภาคทางเศรษฐกิจ (Economic security and equality),การจ้างงาน,อัตราค่าจ้างรายชั่วโมง,,บาท,direct,,,,2564,82.3,age group,25-29 ปี,67.9,,,,,,
ECON-05,ความมั่นคงและความเสมอภาคทางเศรษฐกิจ (Economic security and equality),การจ้างงาน,อัตราค่าจ้างรายชั่วโมง,,บาท,direct,,,,2564,82.3,age group,30-34 ปี,79.3,,,,,,
ECON-05,ความมั่นคงและความเสมอภาคทางเศรษฐกิจ (Economic security and equality),การจ้างงาน,อัตราค่าจ้างรายชั่วโมง,,บาท,direct,,,,2564,82.3,age group,35-39 ปี,80.2,,,,,,
ECON-05,ความมั่นคงและความเสมอภาคทางเศรษฐกิจ (Economic security and equality),การจ้างงาน,อัตราค่าจ้างรายชั่วโมง,,บาท,direct,,,,2564,82.3,age group,40-49 ปี,90.2,,,,,,
ECON-05,ความมั่นคงและความเสมอภาคทางเศรษฐกิจ (Economic security and equality),การจ้างงาน,อัตราค่าจ้างรายชั่วโมง,,บาท,direct,,,,2564,82.3,age group,50-59 ปี,101.6,,,,,,
ECON-05,ความมั่นคงและความเสมอภาคทางเศรษฐกิจ (Economic security and equality),การจ้างงาน,อัตราค่าจ้างรายชั่วโมง,,บาท,direct,,,,2564,82.3,age group,60 ปีขึ้นไป,68.4,,,,,,
ECON-05,ความมั่นคงและความเสมอภาคทางเศรษฐกิจ (Economic security and equality),การจ้างงาน,อัตราค่าจ้างรายชั่วโมง,,บาท,direct,,,,2563,89.1,age group,15-19 ปี,41,,,,,,
ECON-05,ความมั่นคงและความเสมอภาคทางเศรษฐกิจ (Economic security and equality),การจ้างงาน,อัตราค่าจ้างรายชั่วโมง,,บาท,direct,,,,2563,89.1,age group,20-24 ปี,55.9,,,,,,
ECON-05,ความมั่นคงและความเสมอภาคทางเศรษฐกิจ (Economic security and equality),การจ้างงาน,อัตราค่าจ้างรายชั่วโมง,,บาท,direct,,,,2563,89.1,age group,25-29 ปี,70.5,,,,,,
ECON-05,ความมั่นคงและความเสมอภาคทางเศรษฐกิจ (Economic security and equality),การจ้างงาน,อัตราค่าจ้างรายชั่วโมง,,บาท,direct,,,,2563,89.1,age group,30-34 ปี,84.4,,,,,,
ECON-05,ความมั่นคงและความเสมอภาคทางเศรษฐกิจ (Economic security and equality),การจ้างงาน,อัตราค่าจ้างรายชั่วโมง,,บาท,direct,,,,2563,89.1,age group,35-39 ปี,86.1,,,,,,
ECON-05,ความมั่นคงและความเสมอภาคทางเศรษฐกิจ (Economic security and equality),การจ้างงาน,อัตราค่าจ้างรายชั่วโมง,,บาท,direct,,,,2563,89.1,age group,40-49 ปี,99.9,,,,,,
ECON-05,ความมั่นคงและความเสมอภาคทางเศรษฐกิจ (Economic security and equality),การจ้างงาน,อัตราค่าจ้างรายชั่วโมง,,บาท,direct,,,,2563,89.1,age group,50-59 ปี,116.3,,,,,,
ECON-05,ความมั่นคงและความเสมอภาคทางเศรษฐกิจ (Economic security and equality),การจ้างงาน,อัตราค่าจ้างรายชั่วโมง,,บาท,direct,,,,2563,89.1,age group,60 ปีขึ้นไป,70.2,,,,,,
ECON-05,ความมั่นคงและความเสมอภาคทางเศรษฐกิจ (Economic security and equality),การจ้างงาน,อัตราค่าจ้างรายชั่วโมง,,บาท,direct,,,,2562,88,age group,15-19 ปี,39.4,,,,,,
ECON-05,ความมั่นคงและความเสมอภาคทางเศรษฐกิจ (Economic security and equality),การจ้างงาน,อัตราค่าจ้างรายชั่วโมง,,บาท,direct,,,,2562,88,age group,20-24 ปี,55,,,,,,
ECON-05,ความมั่นคงและความเสมอภาคทางเศรษฐกิจ (Economic security and equality),การจ้างงาน,อัตราค่าจ้างรายชั่วโมง,,บาท,direct,,,,2562,88,age group,25-29 ปี,69.6,,,,,,
ECON-05,ความมั่นคงและความเสมอภาคทางเศรษฐกิจ (Economic security and equality),การจ้างงาน,อัตราค่าจ้างรายชั่วโมง,,บาท,direct,,,,2562,88,age group,30-34 ปี,78.3,,,,,,
ECON-05,ความมั่นคงและความเสมอภาคทางเศรษฐกิจ (Economic security and equality),การจ้างงาน,อัตราค่าจ้างรายชั่วโมง,,บาท,direct,,,,2562,88,age group,35-39 ปี,89.4,,,,,,
ECON-05,ความมั่นคงและความเสมอภาคทางเศรษฐกิจ (Economic security and equality),การจ้างงาน,อัตราค่าจ้างรายชั่วโมง,,บาท,direct,,,,2562,88,age group,40-49 ปี,98.5,,,,,,
ECON-05,ความมั่นคงและความเสมอภาคทางเศรษฐกิจ (Economic security and equality),การจ้างงาน,อัตราค่าจ้างรายชั่วโมง,,บาท,direct,,,,2562,88,age group,50-59 ปี,113.8,,,,,,
ECON-05,ความมั่นคงและความเสมอภาคทางเศรษฐกิจ (Economic security and equality),การจ้างงาน,อัตราค่าจ้างรายชั่วโมง,,บาท,direct,,,,2562,88,age group,60 ปีขึ้นไป,104.4,,,,,,
ECON-06,ความมั่นคงและความเสมอภาคทางเศรษฐกิจ (Economic security and equality),การจ้างงาน,อัตราความถี่ของการบาดเจ็บร้ายแรงจากการทำงาน,,ต่อประชากร 1 พันคน,reverse,2.04,1.2,1,2565,1,type,ตาย,0,,สำนักงานประกันสังคม กระทรวงแรงงาน,,,,
ECON-06,ความมั่นคงและความเสมอภาคทางเศรษฐกิจ (Economic security and equality),การจ้างงาน,อัตราความถี่ของการบาดเจ็บร้ายแรงจากการทำงาน,,ต่อประชากร 1 พันคน,reverse,,,,2564,0.9,type,ตาย,0,,,,,,
ECON-06,ความมั่นคงและความเสมอภาคทางเศรษฐกิจ (Economic security and equality),การจ้างงาน,อัตราความถี่ของการบาดเจ็บร้ายแรงจากการทำงาน,,ต่อประชากร 1 พันคน,reverse,,,,2563,1,type,ตาย,0,,,,,,
ECON-06,ความมั่นคงและความเสมอภาคทางเศรษฐกิจ (Economic security and equality),การจ้างงาน,อัตราความถี่ของการบาดเจ็บร้ายแรงจากการทำงาน,,ต่อประชากร 1 พันคน,reverse,,,,2562,1.2,type,ตาย,0,,,,,,
ECON-06,ความมั่นคงและความเสมอภาคทางเศรษฐกิจ (Economic security and equality),การจ้างงาน,อัตราความถี่ของการบาดเจ็บร้ายแรงจากการทำงาน,,ต่อประชากร 1 พันคน,reverse,,,,2561,1.1,type,ตาย,0,,,,,,
ECON-06,ความมั่นคงและความเสมอภาคทางเศรษฐกิจ (Economic security and equality),การจ้างงาน,อัตราความถี่ของการบาดเจ็บร้ายแรงจากการทำงาน,,ต่อประชากร 1 พันคน,reverse,,,,2565,1,type,ทุพพลภาพ,0,,,,,,
ECON-06,ความมั่นคงและความเสมอภาคทางเศรษฐกิจ (Economic security and equality),การจ้างงาน,อัตราความถี่ของการบาดเจ็บร้ายแรงจากการทำงาน,,ต่อประชากร 1 พันคน,reverse,,,,2564,0.9,type,ทุพพลภาพ,0,,,,,,
ECON-06,ความมั่นคงและความเสมอภาคทางเศรษฐกิจ (Economic security and equality),การจ้างงาน,อัตราความถี่ของการบาดเจ็บร้ายแรงจากการทำงาน,,ต่อประชากร 1 พันคน,reverse,,,,2563,1,type,ทุพพลภาพ,0,,,,,,
ECON-06,ความมั่นคงและความเสมอภาคทางเศรษฐกิจ (Economic security and equality),การจ้างงาน,อัตราความถี่ของการบาดเจ็บร้ายแรงจากการทำงาน,,ต่อประชากร 1 พันคน,reverse,,,,2562,1.2,type,ทุพพลภาพ,0,,,,,,
ECON-06,ความมั่นคงและความเสมอภาคทางเศรษฐกิจ (Economic security and equality),การจ้างงาน,อัตราความถี่ของการบาดเจ็บร้ายแรงจากการทำงาน,,ต่อประชากร 1 พันคน,reverse,,,,2561,1.1,type,ทุพพลภาพ,0,,,,,,
ECON-06,ความมั่นคงและความเสมอภาคทางเศรษฐกิจ (Economic security and equality),การจ้างงาน,อัตราความถี่ของการบาดเจ็บร้ายแรงจากการทำงาน,,ต่อประชากร 1 พันคน,reverse,,,,2565,1,type,สูญเสียอวัยวะบางส่วน,0,,,,,,
ECON-06,ความมั่นคงและความเสมอภาคทางเศรษฐกิจ (Economic security and equality),การจ้างงาน,อัตราความถี่ของการบาดเจ็บร้ายแรงจากการทำงาน,,ต่อประชากร 1 พันคน,reverse,,,,2564,0.9,type,สูญเสียอวัยวะบางส่วน,0,,,,,,
ECON-06,ความมั่นคงและความเสมอภาคทางเศรษฐกิจ (Economic security and equality),การจ้างงาน,อัตราความถี่ของการบาดเจ็บร้ายแรงจากการทำงาน,,ต่อประชากร 1 พันคน,reverse,,,,2563,1,type,สูญเสียอวัยวะบางส่วน,0,,,,,,
ECON-06,ความมั่นคงและความเสมอภาคทางเศรษฐกิจ (Economic security and equality),การจ้างงาน,อัตราความถี่ของการบาดเจ็บร้ายแรงจากการทำงาน,,ต่อประชากร 1 พันคน,reverse,,,,2562,1.2,type,สูญเสียอวัยวะบางส่วน,0,,,,,,
ECON-06,ความมั่นคงและความเสมอภาคทางเศรษฐกิจ (Economic security and equality),การจ้างงาน,อัตราความถี่ของการบาดเจ็บร้ายแรงจากการทำงาน,,ต่อประชากร 1 พันคน,reverse,,,,2561,1.1,type,สูญเสียอวัยวะบางส่วน,0,,,,,,
ECON-06,ความมั่นคงและความเสมอภาคทางเศรษฐกิจ (Economic security and equality),การจ้างงาน,อัตราความถี่ของการบาดเจ็บร้ายแรงจากการทำงาน,,ต่อประชากร 1 พันคน,reverse,,,,2565,1,type,หยุดงานเกิน 3 วัน,1,,,,,,
ECON-06,ความมั่นคงและความเสมอภาคทางเศรษฐกิจ (Economic security and equality),การจ้างงาน,อัตราความถี่ของการบาดเจ็บร้ายแรงจากการทำงาน,,ต่อประชากร 1 พันคน,reverse,,,,2564,0.9,type,หยุดงานเกิน 3 วัน,0.9,,,,,,
ECON-06,ความมั่นคงและความเสมอภาคทางเศรษฐกิจ (Economic security and equality),การจ้างงาน,อัตราความถี่ของการบาดเจ็บร้ายแรงจากการทำงาน,,ต่อประชากร 1 พันคน,reverse,,,,2563,1,type,หยุดงานเกิน 3 วัน,1,,,,,,
ECON-06,ความมั่นคงและความเสมอภาคทางเศรษฐกิจ (Economic security and equality),การจ้างงาน,อัตราความถี่ของการบาดเจ็บร้ายแรงจากการทำงาน,,ต่อประชากร 1 พันคน,reverse,,,,2562,1.2,type,หยุดงานเกิน 3 วัน,1.1,,,,,,
ECON-06,ความมั่นคงและความเสมอภาคทางเศรษฐกิจ (Economic security and equality),การจ้างงาน,อัตราความถี่ของการบาดเจ็บร้ายแรงจากการทำงาน,,ต่อประชากร 1 พันคน,reverse,,,,2561,1.1,type,หยุดงานเกิน 3 วัน,1,,,,,,
ECON-07,ความมั่นคงและความเสมอภาคทางเศรษฐกิจ (Economic security and equality),ความไม่มั่นคงทางอาหาร,ความชุกของภาวะขาดสารอาหาร ระดับปานกลาง โดยใช้ Food Insecurity Experience Scale (FIES),,%,reverse,0,9.08,9.08,2565,9.08,,,,,,,,,
ECON-08,ความมั่นคงและความเสมอภาคทางเศรษฐกิจ (Economic security and equality),ความไม่มั่นคงทางอาหาร,ความชุกของภาวะขาดสารอาหาร ระดับรุนแรง โดยใช้ Food Insecurity Experience Scale (FIES),,%,reverse,0,1.74,1.74,2565,1.74,,,,,,,,,
ECON-09,ความมั่นคงและความเสมอภาคทางเศรษฐกิจ (Economic security and equality),ความเหลื่อมล้ำทางรายได้,สัมประสิทธิ์ความไม่เสมอภาค (Gini coefficient),,Index,reverse,0.28,0.3,0.22,2566,0.223,,,,,,,,,
ECON-09,ความมั่นคงและความเสมอภาคทางเศรษฐกิจ (Economic security and equality),ความเหลื่อมล้ำทางรายได้,สัมประสิทธิ์ความไม่เสมอภาค (Gini coefficient),,Index,reverse,,,,2564,0.252,,,,,,,,,
ECON-09,ความมั่นคงและความเสมอภาคทางเศรษฐกิจ (Economic security and equality),ความเหลื่อมล้ำทางรายได้,สัมประสิทธิ์ความไม่เสมอภาค (Gini coefficient),,Index,reverse,,,,2562,0.247,,,,,,,,,
ECON-09,ความมั่นคงและความเสมอภาคทางเศรษฐกิจ (Economic security and equality),ความเหลื่อมล้ำทางรายได้,สัมประสิทธิ์ความไม่เสมอภาค (Gini coefficient),,Index,reverse,,,,2560,0.295,,,,,,,,,
ECON-09,ความมั่นคงและความเสมอภาคทางเศรษฐกิจ (Economic security and equality),ความเหลื่อมล้ำทางรายได้,สัมประสิทธิ์ความไม่เสมอภาค (Gini coefficient),,Index,reverse,,,,2558,0.303,,,,,,,,,
ECON-10,ความมั่นคงและความเสมอภาคทางเศรษฐกิจ (Economic security and equality),ความเหลื่อมล้ำทางรายได้,อัตราการเติบโตของการใช้จ่ายในครัวเรือนหรือรายได้ต่อหัว ในกลุ่มประชากรร้อยละ 40 ที่มีรายได้ต่ำสุดและในกลุ่มประชากรทั้งหมด,,%,direct,,,,,,,,,,,,,,
ECON-11,ความมั่นคงและความเสมอภาคทางเศรษฐกิจ (Economic security and equality),ความยากจน,สัดส่วนของประชากรที่อยู่ต่ำกว่าเส้นความยากจนของสากล,,%,reverse,0,0,0,2566,0,,,,,,,,,
ECON-12,ความมั่นคงและความเสมอภาคทางเศรษฐกิจ (Economic security and equality),ความยากจน,สัดส่วนของประชากรที่อยู่ต่ำกว่าเส้นความยากจนของประเทศ,,%,reverse,0,0.58,0.42,2566,0.42,,,,,,,,,
ECON-12,ความมั่นคงและความเสมอภาคทางเศรษฐกิจ (Economic security and equality),ความยากจน,สัดส่วนของประชากรที่อยู่ต่ำกว่าเส้นความยากจนของประเทศ,,%,reverse,,,,2565,1.37,,,,,,,,,
ECON-12,ความมั่นคงและความเสมอภาคทางเศรษฐกิจ (Economic security and equality),ความยากจน,สัดส่วนของประชากรที่อยู่ต่ำกว่าเส้นความยากจนของประเทศ,,%,reverse,,,,2564,0.57,,,,,,,,,
ECON-12,ความมั่นคงและความเสมอภาคทางเศรษฐกิจ (Economic security and equality),ความยากจน,สัดส่วนของประชากรที่อยู่ต่ำกว่าเส้นความยากจนของประเทศ,,%,reverse,,,,2563,0.49,,,,,,,,,
ECON-12,ความมั่นคงและความเสมอภาคทางเศรษฐกิจ (Economic security and equality),ความยากจน,สัดส่วนของประชากรที่อยู่ต่ำกว่าเส้นความยากจนของประเทศ,,%,reverse,,,,2562,0.58,,,,,,,,,
ECON-13,ความมั่นคงและความเสมอภาคทางเศรษฐกิจ (Economic security and equality),ความยากจน,สัดส่วนของประชากรในทุกช่วงวัยที่ยากจนในทุกมิติ,,%,reverse,,,,,,,,,,,,,,
ECON-14,ความมั่นคงและความเสมอภาคทางเศรษฐกิจ (Economic security and equality),ความยากจน,สัดส่วนครัวเรือนที่ยากจนในทุกมิติ,,%,reverse,,,,,,,,,,,,,,
ENV-01,สภาพแวดล้อมทางกายภาพ (Physical environment),คุณภาพอากาศและการเปลี่ยนแปลงภูมิอากาศ,ระดับค่าเฉลี่ยทั้งปีของฝุ่นละอองขนาดเล็ก (PM2.5) ในเขตเมือง,,ug/m3,reverse,50,76.98,83.23,2566,83.23,month,January,90.03,,,,1001,เขตพระนคร,50
ENV-01,สภาพแวดล้อมทางกายภาพ (Physical environment),คุณภาพอากาศและการเปลี่ยนแปลงภูมิอากาศ,ระดับค่าเฉลี่ยทั้งปีของฝุ่นละอองขนาดเล็ก (PM2.5) ในเขตเมือง,,ug/m3,reverse,,,,2566,83.23,month,February,109.32,,,,,,
ENV-01,สภาพแวดล้อมทางกายภาพ (Physical environment),คุณภาพอากาศและการเปลี่ยนแปลงภูมิอากาศ,ระดับค่าเฉลี่ยทั้งปีของฝุ่นละอองขนาดเล็ก (PM2.5) ในเขตเมือง,,ug/m3,reverse,,,,2566,83.23,month,March,113.45,,,,,,
ENV-01,สภาพแวดล้อมทางกายภาพ (Physical environment),คุณภาพอากาศและการเปลี่ยนแปลงภูมิอากาศ,ระดับค่าเฉลี่ยทั้งปีของฝุ่นละอองขนาดเล็ก (PM2.5) ในเขตเมือง,,ug/m3,reverse,,,,2566,83.23,month,April,115.47,,,,,,
ENV-01,สภาพแวดล้อมทางกายภาพ (Physical environment),คุณภาพอากาศและการเปลี่ยนแปลงภูมิอากาศ,ระดับค่าเฉลี่ยทั้งปีของฝุ่นละอองขนาดเล็ก (PM2.5) ในเขตเมือง,,ug/m3,reverse,,,,2566,83.23,month,May,82.1,,,,,,
ENV-01,สภาพแวดล้อมทางกายภาพ (Physical environment),คุณภาพอากาศและการเปลี่ยนแปลงภูมิอากาศ,ระดับค่าเฉลี่ยทั้งปีของฝุ่นละอองขนาดเล็ก (PM2.5) ในเขตเมือง,,ug/m3,reverse,,,,2566,83.23,month,June,58.27,,,,,,
ENV-01,สภาพแวดล้อมทางกายภาพ (Physical environment),คุณภาพอากาศและการเปลี่ยนแปลงภูมิอากาศ,ระดับค่าเฉลี่ยทั้งปีของฝุ่นละอองขนาดเล็ก (PM2.5) ในเขตเมือง,,ug/m3,reverse,,,,2566,83.23,month,July,55.32,,,,,,
ENV-01,สภาพแวดล้อมทางกายภาพ (Physical environment),คุณภาพอากาศและการเปลี่ยนแปลงภูมิอากาศ,ระดับค่าเฉลี่ยทั้งปีของฝุ่นละอองขนาดเล็ก (PM2.5) ในเขตเมือง,,ug/m3,reverse,,,,2566,83.23,month,August,63.61,,,,,,
ENV-01,สภาพแวดล้อมทางกายภาพ (Physical environment),คุณภาพอากาศและการเปลี่ยนแปลงภูมิอากาศ,ระดับค่าเฉลี่ยทั้งปีของฝุ่นละอองขนาดเล็ก (PM2.5) ในเขตเมือง,,ug/m3,reverse,,,,2566,83.23,month,September,51.43,,,,,,
ENV-01,สภาพแวดล้อมทางกายภาพ (Physical environment),คุณภาพอากาศและการเปลี่ยนแปลงภูมิอากาศ,ระดับค่าเฉลี่ยทั้งปีของฝุ่นละอองขนาดเล็ก (PM2.5) ในเขตเมือง,,ug/m3,reverse,,,,2566,83.23,month,October,74,,,,,,
ENV-01,สภาพแวดล้อมทางกายภาพ (Physical environment),คุณภาพอากาศและการเปลี่ยนแปลงภูมิอากาศ,ระดับค่าเฉลี่ยทั้งปีของฝุ่นละอองขนาดเล็ก (PM2.5) ในเขตเมือง,,ug/m3,reverse,,,,2566,83.23,month,November,88.23,,,,,,
ENV-01,สภาพแวดล้อมทางกายภาพ (Physical environment),คุณภาพอากาศและการเปลี่ยนแปลงภูมิอากาศ,ระดับค่าเฉลี่ยทั้งปีของฝุ่นละอองขนาดเล็ก (PM2.5) ในเขตเมือง,,ug/m3,reverse,,,,2566,83.23,month,December,99.42,,,,,,
ENV-01,สภาพแวดล้อมทางกายภาพ (Physical environment),คุณภาพอากาศและการเปลี่ยนแปลงภูมิอากาศ,ระดับค่าเฉลี่ยทั้งปีของฝุ่นละอองขนาดเล็ก (PM2.5) ในเขตเมือง,,ug/m3,reverse,,,,2565,73.82,month,January,92.03,,,,,,
ENV-01,สภาพแวดล้อมทางกายภาพ (Physical environment),คุณภาพอากาศและการเปลี่ยนแปลงภูมิอากาศ,ระดับค่าเฉลี่ยทั้งปีของฝุ่นละอองขนาดเล็ก (PM2.5) ในเขตเมือง,,ug/m3,reverse,,,,2565,73.82,month,February,91.36,,,,,,
ENV-01,สภาพแวดล้อมทางกายภาพ (Physical environment),คุณภาพอากาศและการเปลี่ยนแปลงภูมิอากาศ,ระดับค่าเฉลี่ยทั้งปีของฝุ่นละอองขนาดเล็ก (PM2.5) ในเขตเมือง,,ug/m3,reverse,,,,2565,73.82,month,March,76.61,,,,,,
ENV-01,สภาพแวดล้อมทางกายภาพ (Physical environment),คุณภาพอากาศและการเปลี่ยนแปลงภูมิอากาศ,ระดับค่าเฉลี่ยทั้งปีของฝุ่นละอองขนาดเล็ก (PM2.5) ในเขตเมือง,,ug/m3,reverse,,,,2565,73.82,month,April,93.7,,,,,,
ENV-01,สภาพแวดล้อมทางกายภาพ (Physical environment),คุณภาพอากาศและการเปลี่ยนแปลงภูมิอากาศ,ระดับค่าเฉลี่ยทั้งปีของฝุ่นละอองขนาดเล็ก (PM2.5) ในเขตเมือง,,ug/m3,reverse,,,,2565,73.82,month,May,64.74,,,,,,
ENV-01,สภาพแวดล้อมทางกายภาพ (Physical environment),คุณภาพอากาศและการเปลี่ยนแปลงภูมิอากาศ,ระดับค่าเฉลี่ยทั้งปีของฝุ่นละอองขนาดเล็ก (PM2.5) ในเขตเมือง,,ug/m3,reverse,,,,2565,73.82,month,June,59.17,,,,,,
ENV-01,สภาพแวดล้อมทางกายภาพ (Physical environment),คุณภาพอากาศและการเปลี่ยนแปลงภูมิอากาศ,ระดับค่าเฉลี่ยทั้งปีของฝุ่นละอองขนาดเล็ก (PM2.5) ในเขตเมือง,,ug/m3,reverse,,,,2565,73.82,month,July,52.77,,,,,,
ENV-01,สภาพแวดล้อมทางกายภาพ (Physical environment),คุณภาพอากาศและการเปลี่ยนแปลงภูมิอากาศ,ระดับค่าเฉลี่ยทั้งปีของฝุ่นละอองขนาดเล็ก (PM2.5) ในเขตเมือง,,ug/m3,reverse,,,,2565,73.82,month,August,54.45,,,,,,
ENV-01,สภาพแวดล้อมทางกายภาพ (Physical environment),คุณภาพอากาศและการเปลี่ยนแปลงภูมิอากาศ,ระดับค่าเฉลี่ยทั้งปีของฝุ่นละอองขนาดเล็ก (PM2.5) ในเขตเมือง,,ug/m3,reverse,,,,2565,73.82,month,September,53.17,,,,,,
ENV-01,สภาพแวดล้อมทางกายภาพ (Physical environment),คุณภาพอากาศและการเปลี่ยนแปลงภูมิอากาศ,ระดับค่าเฉลี่ยทั้งปีของฝุ่นละอองขนาดเล็ก (PM2.5) ในเขตเมือง,,ug/m3,reverse,,,,2565,73.82,month,October,79.81,,,,,,
ENV-01,สภาพแวดล้อมทางกายภาพ (Physical environment),คุณภาพอากาศและการเปลี่ยนแปลงภูมิอากาศ,ระดับค่าเฉลี่ยทั้งปีของฝุ่นละอองขนาดเล็ก (PM2.5) ในเขตเมือง,,ug/m3,reverse,,,,2565,73.82,month,November,76.63,,,,,,
ENV-01,สภาพแวดล้อมทางกายภาพ (Physical environment),คุณภาพอากาศและการเปลี่ยนแปลงภูมิอากาศ,ระดับค่าเฉลี่ยทั้งปีของฝุ่นละอองขนาดเล็ก (PM2.5) ในเขตเมือง,,ug/m3,reverse,,,,2565,73.82,month,December,92.71,,,,,,
ENV-01,สภาพแวดล้อมทางกายภาพ (Physical environment),คุณภาพอากาศและการเปลี่ยนแปลงภูมิอากาศ,ระดับค่าเฉลี่ยทั้งปีของฝุ่นละอองขนาดเล็ก (PM2.5) ในเขตเมือง,,ug/m3,reverse,,,,2564,75.99,month,January,123.32,,,,,,
ENV-01,สภาพแวดล้อมทางกายภาพ (Physical environment),คุณภาพอากาศและการเปลี่ยนแปลงภูมิอากาศ,ระดับค่าเฉลี่ยทั้งปีของฝุ่นละอองขนาดเล็ก (PM2.5) ในเขตเมือง,,ug/m3,reverse,,,,2564,75.99,month,February,128.18,,,,,,
ENV-01,สภาพแวดล้อมทางกายภาพ (Physical environment),คุณภาพอากาศและการเปลี่ยนแปลงภูมิอากาศ,ระดับค่าเฉลี่ยทั้งปีของฝุ่นละอองขนาดเล็ก (PM2.5) ในเขตเมือง,,ug/m3,reverse,,,,2564,75.99,month,March,91.29,,,,,,
ENV-01,สภาพแวดล้อมทางกายภาพ (Physical environment),คุณภาพอากาศและการเปลี่ยนแปลงภูมิอากาศ,ระดับค่าเฉลี่ยทั้งปีของฝุ่นละอองขนาดเล็ก (PM2.5) ในเขตเมือง,,ug/m3,reverse,,,,2564,75.99,month,April,71.8,,,,,,
ENV-01,สภาพแวดล้อมทางกายภาพ (Physical environment),คุณภาพอากาศและการเปลี่ยนแปลงภูมิอากาศ,ระดับค่าเฉลี่ยทั้งปีของฝุ่นละอองขนาดเล็ก (PM2.5) ในเขตเมือง,,ug/m3,reverse,,,,2564,75.99,month,May,57.42,,,,,,
ENV-01,สภาพแวดล้อมทางกายภาพ (Physical environment),คุณภาพอากาศและการเปลี่ยนแปลงภูมิอากาศ,ระดับค่าเฉลี่ยทั้งปีของฝุ่นละอองขนาดเล็ก (PM2.5) ในเขตเมือง,,ug/m3,reverse,,,,2564,75.99,month,June,53.9,,,,,,
ENV-01,สภาพแวดล้อมทางกายภาพ (Physical environment),คุณภาพอากาศและการเปลี่ยนแปลงภูมิอากาศ,ระดับค่าเฉลี่ยทั้งปีของฝุ่นละอองขนาดเล็ก (PM2.5) ในเขตเมือง,,ug/m3,reverse,,,,2564,75.99,month,July,46.42,,,,,,
ENV-01,สภาพแวดล้อมทางกายภาพ (Physical environment),คุณภาพอากาศและการเปลี่ยนแปลงภูมิอากาศ,ระดับค่าเฉลี่ยทั้งปีของฝุ่นละอองขนาดเล็ก (PM2.5) ในเขตเมือง,,ug/m3,reverse,,,,2564,75.99,month,August,48.13,,,,,,
ENV-01,สภาพแวดล้อมทางกายภาพ (Physical environment),คุณภาพอากาศและการเปลี่ยนแปลงภูมิอากาศ,ระดับค่าเฉลี่ยทั้งปีของฝุ่นละอองขนาดเล็ก (PM2.5) ในเขตเมือง,,ug/m3,reverse,,,,2564,75.99,month,September,47.77,,,,,,
ENV-01,สภาพแวดล้อมทางกายภาพ (Physical environment),คุณภาพอากาศและการเปลี่ยนแปลงภูมิอากาศ,ระดับค่าเฉลี่ยทั้งปีของฝุ่นละอองขนาดเล็ก (PM2.5) ในเขตเมือง,,ug/m3,reverse,,,,2564,75.99,month,October,66.13,,,,,,
ENV-01,สภาพแวดล้อมทางกายภาพ (Physical environment),คุณภาพอากาศและการเปลี่ยนแปลงภูมิอากาศ,ระดับค่าเฉลี่ยทั้งปีของฝุ่นละอองขนาดเล็ก (PM2.5) ในเขตเมือง,,ug/m3,reverse,,,,2564,75.99,month,November,75.97,,,,,,
ENV-01,สภาพแวดล้อมทางกายภาพ (Physical environment),คุณภาพอากาศและการเปลี่ยนแปลงภูมิอากาศ,ระดับค่าเฉลี่ยทั้งปีของฝุ่นละอองขนาดเล็ก (PM2.5) ในเขตเมือง,,ug/m3,reverse,,,,2564,75.99,month,December,104.84,,,,,,
ENV-01,สภาพแวดล้อมทางกายภาพ (Physical environment),คุณภาพอากาศและการเปลี่ยนแปลงภูมิอากาศ,ระดับค่าเฉลี่ยทั้งปีของฝุ่นละอองขนาดเล็ก (PM2.5) ในเขตเมือง,,ug/m3,reverse,,,,2563,76.98,month,January,121.29,,,,,,
ENV-01,สภาพแวดล้อมทางกายภาพ (Physical environment),คุณภาพอากาศและการเปลี่ยนแปลงภูมิอากาศ,ระดับค่าเฉลี่ยทั้งปีของฝุ่นละอองขนาดเล็ก (PM2.5) ในเขตเมือง,,ug/m3,reverse,,,,2563,76.98,month,February,125.24,,,,,,
ENV-01,สภาพแวดล้อมทางกายภาพ (Physical environment),คุณภาพอากาศและการเปลี่ยนแปลงภูมิอากาศ,ระดับค่าเฉลี่ยทั้งปีของฝุ่นละอองขนาดเล็ก (PM2.5) ในเขตเมือง,,ug/m3,reverse,,,,2563,76.98,month,March,78.17,,,,,,
ENV-01,สภาพแวดล้อมทางกายภาพ (Physical environment),คุณภาพอากาศและการเปลี่ยนแปลงภูมิอากาศ,ระดับค่าเฉลี่ยทั้งปีของฝุ่นละอองขนาดเล็ก (PM2.5) ในเขตเมือง,,ug/m3,reverse,,,,2563,76.98,month,April,73.6,,,,,,
ENV-01,สภาพแวดล้อมทางกายภาพ (Physical environment),คุณภาพอากาศและการเปลี่ยนแปลงภูมิอากาศ,ระดับค่าเฉลี่ยทั้งปีของฝุ่นละอองขนาดเล็ก (PM2.5) ในเขตเมือง,,ug/m3,reverse,,,,2563,76.98,month,May,60.42,,,,,,
ENV-01,สภาพแวดล้อมทางกายภาพ (Physical environment),คุณภาพอากาศและการเปลี่ยนแปลงภูมิอากาศ,ระดับค่าเฉลี่ยทั้งปีของฝุ่นละอองขนาดเล็ก (PM2.5) ในเขตเมือง,,ug/m3,reverse,,,,2563,76.98,month,June,48.97,,,,,,
ENV-01,สภาพแวดล้อมทางกายภาพ (Physical environment),คุณภาพอากาศและการเปลี่ยนแปลงภูมิอากาศ,ระดับค่าเฉลี่ยทั้งปีของฝุ่นละอองขนาดเล็ก (PM2.5) ในเขตเมือง,,ug/m3,reverse,,,,2563,76.98,month,July,51.94,,,,,,
ENV-01,สภาพแวดล้อมทางกายภาพ (Physical environment),คุณภาพอากาศและการเปลี่ยนแปลงภูมิอากาศ,ระดับค่าเฉลี่ยทั้งปีของฝุ่นละอองขนาดเล็ก (PM2.5) ในเขตเมือง,,ug/m3,reverse,,,,2563,76.98,month,August,53.71,,,,,,
ENV-01,สภาพแวดล้อมทางกายภาพ (Physical environment),คุณภาพอากาศและการเปลี่ยนแปลงภูมิอากาศ,ระดับค่าเฉลี่ยทั้งปีของฝุ่นละอองขนาดเล็ก (PM2.5) ในเขตเมือง,,ug/m3,reverse,,,,2563,76.98,month,September,51.37,,,,,,
ENV-01,สภาพแวดล้อมทางกายภาพ (Physical environment),คุณภาพอากาศและการเปลี่ยนแปลงภูมิอากาศ,ระดับค่าเฉลี่ยทั้งปีของฝุ่นละอองขนาดเล็ก (PM2.5) ในเขตเมือง,,ug/m3,reverse,,,,2563,76.98,month,October,68.16,,,,,,
ENV-01,สภาพแวดล้อมทางกายภาพ (Physical environment),คุณภาพอากาศและการเปลี่ยนแปลงภูมิอากาศ,ระดับค่าเฉลี่ยทั้งปีของฝุ่นละอองขนาดเล็ก (PM2.5) ในเขตเมือง,,ug/m3,reverse,,,,2563,76.98,month,November,87.93,,,,,,
ENV-01,สภาพแวดล้อมทางกายภาพ (Physical environment),คุณภาพอากาศและการเปลี่ยนแปลงภูมิอากาศ,ระดับค่าเฉลี่ยทั้งปีของฝุ่นละอองขนาดเล็ก (PM2.5) ในเขตเมือง,,ug/m3,reverse,,,,2563,76.98,month,December,104.65,,,,,,
HEB-03,พฤติกรรมสุขภาพ (Health Behavior),การบริโภคยาสูบ,อัตราการใช้ยาสูบในปัจจุบันในกลุ่มประชากรอายุ 15 ปีขึ้นไป (อัตรามาตรฐานตามอายุ),,%,reverse,10,13.09,16.09,2564,16.09,sex,male,31.32,,,,,,
HEB-03,พฤติกรรมสุขภาพ (Health Behavior),การบริโภคยาสูบ,อัตราการใช้ยาสูบในปัจจุบันในกลุ่มประชากรอายุ 15 ปีขึ้นไป (อัตรามาตรฐานตามอายุ),,%,reverse,,,,2560,15.41,sex,male,30.14,,,,,,
HEB-03,พฤติกรรมสุขภาพ (Health Behavior),การบริโภคยาสูบ,อัตราการใช้ยาสูบในปัจจุบันในกลุ่มประชากรอายุ 15 ปีขึ้นไป (อัตรามาตรฐานตามอายุ),,%,reverse,,,,2557,16.58,sex,male,32.29,,,,,,
HEB-03,พฤติกรรมสุขภาพ (Health Behavior),การบริโภคยาสูบ,อัตราการใช้ยาสูบในปัจจุบันในกลุ่มประชากรอายุ 15 ปีขึ้นไป (อัตรามาตรฐานตามอายุ),,%,reverse,,,,2554,15.43,sex,male,32.06,,,,,,
HEB-03,พฤติกรรมสุขภาพ (Health Behavior),การบริโภคยาสูบ,อัตราการใช้ยาสูบในปัจจุบันในกลุ่มประชากรอายุ 15 ปีขึ้นไป (อัตรามาตรฐานตามอายุ),,%,reverse,,,,2550,13.09,sex,male,26.95,,,,,,
HEB-03,พฤติกรรมสุขภาพ (Health Behavior),การบริโภคยาสูบ,อัตราการใช้ยาสูบในปัจจุบันในกลุ่มประชากรอายุ 15 ปีขึ้นไป (อัตรามาตรฐานตามอายุ),,%,reverse,,,,2564,16.09,sex,female,2.06,,,,,,
HEB-03,พฤติกรรมสุขภาพ (Health Behavior),การบริโภคยาสูบ,อัตราการใช้ยาสูบในปัจจุบันในกลุ่มประชากรอายุ 15 ปีขึ้นไป (อัตรามาตรฐานตามอายุ),,%,reverse,,,,2560,15.41,sex,female,1.81,,,,,,
HEB-03,พฤติกรรมสุขภาพ (Health Behavior),การบริโภคยาสูบ,อัตราการใช้ยาสูบในปัจจุบันในกลุ่มประชากรอายุ 15 ปีขึ้นไป (อัตรามาตรฐานตามอายุ),,%,reverse,,,,2557,16.58,sex,female,2.03,,,,,,
HEB-03,พฤติกรรมสุขภาพ (Health Behavior),การบริโภคยาสูบ,อัตราการใช้ยาสูบในปัจจุบันในกลุ่มประชากรอายุ 15 ปีขึ้นไป (อัตรามาตรฐานตามอายุ),,%,reverse,,,,2554,15.43,sex,female,1.57,,,,,,
HEB-03,พฤติกรรมสุขภาพ (Health Behavior),การบริโภคยาสูบ,อัตราการใช้ยาสูบในปัจจุบันในกลุ่มประชากรอายุ 15 ปีขึ้นไป (อัตรามาตรฐานตามอายุ),,%,reverse,,,,2550,13.09,sex,female,1.22,,,,,,
HEB-01,พฤติกรรมสุขภาพ (Health Behavior),การบริโภคแอลกอฮอล์,ปริมาณแอลกอฮอล์บริสุทธิ์ ต่อประชากรต่อปี,,ลิตร,reverse,4.25,7.33,7.12,2564,7.12,type,สุรากลั่น,5.01,,,,,,
HEB-01,พฤติกรรมสุขภาพ (Health Behavior),การบริโภคแอลกอฮอล์,ปริมาณแอลกอฮอล์บริสุทธิ์ ต่อประชากรต่อปี,,ลิตร,,,,,2563,7.7,type,สุรากลั่น,5.67,,,,,,
HEB-01,พฤติกรรมสุขภาพ (Health Behavior),การบริโภคแอลกอฮอล์,ปริมาณแอลกอฮอล์บริสุทธิ์ ต่อประชากรต่อปี,,ลิตร,,,,,2562,6.86,type,สุรากลั่น,4.78,,,,,,
HEB-01,พฤติกรรมสุขภาพ (Health Behavior),การบริโภคแอลกอฮอล์,ปริมาณแอลกอฮอล์บริสุทธิ์ ต่อประชากรต่อปี,,ลิตร,,,,,2561,5.99,type,สุรากลั่น,4,,,,,,
HEB-01,พฤติกรรมสุขภาพ (Health Behavior),การบริโภคแอลกอฮอล์,ปริมาณแอลกอฮอล์บริสุทธิ์ ต่อประชากรต่อปี,,ลิตร,,,,,2560,7.33,type,สุรากลั่น,4.86,,,,,,
HEB-01,พฤติกรรมสุขภาพ (Health Behavior),การบริโภคแอลกอฮอล์,ปริมาณแอลกอฮอล์บริสุทธิ์ ต่อประชากรต่อปี,,ลิตร,,,,,2564,7.12,type,เบียร์,1.94,,,,,,
HEB-01,พฤติกรรมสุขภาพ (Health Behavior),การบริโภคแอลกอฮอล์,ปริมาณแอลกอฮอล์บริสุทธิ์ ต่อประชากรต่อปี,,ลิตร,,,,,2563,7.7,type,เบียร์,1.85,,,,,,
HEB-01,พฤติกรรมสุขภาพ (Health Behavior),การบริโภคแอลกอฮอล์,ปริมาณแอลกอฮอล์บริสุทธิ์ ต่อประชากรต่อปี,,ลิตร,,,,,2562,6.86,type,เบียร์,1.85,,,,,,
HEB-01,พฤติกรรมสุขภาพ (Health Behavior),การบริโภคแอลกอฮอล์,ปริมาณแอลกอฮอล์บริสุทธิ์ ต่อประชากรต่อปี,,ลิตร,,,,,2561,5.99,type,เบียร์,1.79,,,,,,
HEB-01,พฤติกรรมสุขภาพ (Health Behavior),การบริโภคแอลกอฮอล์,ปริมาณแอลกอฮอล์บริสุทธิ์ ต่อประชากรต่อปี,,ลิตร,,,,,2560,7.33,type,เบียร์,2.29,,,,,,
HEB-01,พฤติกรรมสุขภาพ (Health Behavior),การบริโภคแอลกอฮอล์,ปริมาณแอลกอฮอล์บริสุทธิ์ ต่อประชากรต่อปี,,ลิตร,,,,,2564,7.12,type,ไวน์,0.17,,,,,,
HEB-01,พฤติกรรมสุขภาพ (Health Behavior),การบริโภคแอลกอฮอล์,ปริมาณแอลกอฮอล์บริสุทธิ์ ต่อประชากรต่อปี,,ลิตร,,,,,2563,7.7,type,ไวน์,0.18,,,,,,
HEB-01,พฤติกรรมสุขภาพ (Health Behavior),การบริโภคแอลกอฮอล์,ปริมาณแอลกอฮอล์บริสุทธิ์ ต่อประชากรต่อปี,,ลิตร,,,,,2562,6.86,type,ไวน์,0.23,,,,,,
HEB-01,พฤติกรรมสุขภาพ (Health Behavior),การบริโภคแอลกอฮอล์,ปริมาณแอลกอฮอล์บริสุทธิ์ ต่อประชากรต่อปี,,ลิตร,,,,,2561,5.99,type,ไวน์,0.2,,,,,,
HEB-01,พฤติกรรมสุขภาพ (Health Behavior),การบริโภคแอลกอฮอล์,ปริมาณแอลกอฮอล์บริสุทธิ์ ต่อประชากรต่อปี,,ลิตร,,,,,2560,7.33,type,ไวน์,0.18,,,,,,
HEB-04,พฤติกรรมสุขภาพ (Health Behavior),โภชนาการ,สัดส่วนของเด็กอายุต่ำกว่า 5 ปีที่มีภาวะแคระแกร็น ,,%,reverse,0,7.8,7.5,2566,7.5,department,คลินิกและคลินิกสุขภาพเด็กดี(WBC),9.2,,,,,,
HEB-04,พฤติกรรมสุขภาพ (Health Behavior),โภชนาการ,สัดส่วนของเด็กอายุต่ำกว่า 5 ปีที่มีภาวะแคระแกร็น ,,%,reverse,,,,2566,7.5,department,สถานรับเลี้ยงเด็กกลางวัน,2.6,,,,,,
HEB-04,พฤติกรรมสุขภาพ (Health Behavior),โภชนาการ,สัดส่วนของเด็กอายุต่ำกว่า 5 ปีที่มีภาวะแคระแกร็น ,,%,reverse,,,,2566,7.5,department,ศูนย์พัฒนาเด็กก่อนวัยเรียน สำนักพัฒนาสังคม (ศพด.),8,,,,,,
HEB-04,พฤติกรรมสุขภาพ (Health Behavior),โภชนาการ,สัดส่วนของเด็กอายุต่ำกว่า 5 ปีที่มีภาวะแคระแกร็น ,,%,reverse,,,,2566,7.5,department,โรงเรียนระดับอนุบาลสังกัด กทม.,5.3,,,,,,
HEB-04,พฤติกรรมสุขภาพ (Health Behavior),โภชนาการ,สัดส่วนของเด็กอายุต่ำกว่า 5 ปีที่มีภาวะแคระแกร็น ,,%,reverse,,,,2566,7.5,department,โรงเรียนสังกัดสำนักงานคณะกรรมการส่งเสริมการศึกษาเอกชน (สช.),4.5,,,,,,
HEB-04,พฤติกรรมสุขภาพ (Health Behavior),โภชนาการ,สัดส่วนของเด็กอายุต่ำกว่า 5 ปีที่มีภาวะแคระแกร็น ,,%,reverse,,,,2566,7.5,department,โรงเรียนสังกัดสำนักงานคณะกรรมการการศึกษา ขั้นพื้นฐาน (สพฐ.),4.9,,,,,,
HEB-04,พฤติกรรมสุขภาพ (Health Behavior),โภชนาการ,สัดส่วนของเด็กอายุต่ำกว่า 5 ปีที่มีภาวะแคระแกร็น ,,%,reverse,,,,2565,7.8,department,คลินิกและคลินิกสุขภาพเด็กดี(WBC),8.9,,,,,,
HEB-04,พฤติกรรมสุขภาพ (Health Behavior),โภชนาการ,สัดส่วนของเด็กอายุต่ำกว่า 5 ปีที่มีภาวะแคระแกร็น ,,%,reverse,,,,2565,7.8,department,สถานรับเลี้ยงเด็กกลางวัน,7.9,,,,,,
HEB-04,พฤติกรรมสุขภาพ (Health Behavior),โภชนาการ,สัดส่วนของเด็กอายุต่ำกว่า 5 ปีที่มีภาวะแคระแกร็น ,,%,reverse,,,,2565,7.8,department,ศูนย์พัฒนาเด็กก่อนวัยเรียน สำนักพัฒนาสังคม (ศพด.),8.9,,,,,,
HEB-04,พฤติกรรมสุขภาพ (Health Behavior),โภชนาการ,สัดส่วนของเด็กอายุต่ำกว่า 5 ปีที่มีภาวะแคระแกร็น ,,%,reverse,,,,2565,7.8,department,โรงเรียนระดับอนุบาลสังกัด กทม.,5.3,,,,,,
HEB-04,พฤติกรรมสุขภาพ (Health Behavior),โภชนาการ,สัดส่วนของเด็กอายุต่ำกว่า 5 ปีที่มีภาวะแคระแกร็น ,,%,reverse,,,,2565,7.8,department,โรงเรียนสังกัดสำนักงานคณะกรรมการส่งเสริมการศึกษาเอกชน (สช.),3.4,,,,,,
HEB-04,พฤติกรรมสุขภาพ (Health Behavior),โภชนาการ,สัดส่วนของเด็กอายุต่ำกว่า 5 ปีที่มีภาวะแคระแกร็น ,,%,reverse,,,,2565,7.8,department,โรงเรียนสังกัดสำนักงานคณะกรรมการการศึกษา ขั้นพื้นฐาน (สพฐ.),4,,,,,,
HEB-05,พฤติกรรมสุขภาพ (Health Behavior),โภชนาการ,สัดส่วนของเด็กอายุต่ำกว่า 5 ปีที่มีภาวะผอมแห้ง,,%,reverse,0,5.8,6.5,2566,6.5,department,คลินิกและคลินิกสุขภาพเด็กดี(WBC),5.9,,,,,,
HEB-05,พฤติกรรมสุขภาพ (Health Behavior),โภชนาการ,สัดส่วนของเด็กอายุต่ำกว่า 5 ปีที่มีภาวะผอมแห้ง,,%,reverse,,,,2566,6.5,department,สถานรับเลี้ยงเด็กกลางวัน,5.2,,,,,,
HEB-05,พฤติกรรมสุขภาพ (Health Behavior),โภชนาการ,สัดส่วนของเด็กอายุต่ำกว่า 5 ปีที่มีภาวะผอมแห้ง,,%,reverse,,,,2566,6.5,department,ศูนย์พัฒนาเด็กก่อนวัยเรียน สำนักพัฒนาสังคม (ศพด.),7.8,,,,,,
HEB-05,พฤติกรรมสุขภาพ (Health Behavior),โภชนาการ,สัดส่วนของเด็กอายุต่ำกว่า 5 ปีที่มีภาวะผอมแห้ง,,%,reverse,,,,2566,6.5,department,โรงเรียนระดับอนุบาลสังกัด กทม.,8.6,,,,,,
HEB-05,พฤติกรรมสุขภาพ (Health Behavior),โภชนาการ,สัดส่วนของเด็กอายุต่ำกว่า 5 ปีที่มีภาวะผอมแห้ง,,%,reverse,,,,2566,6.5,department,โรงเรียนสังกัดสำนักงานคณะกรรมการส่งเสริมการศึกษาเอกชน (สช.),5,,,,,,
HEB-05,พฤติกรรมสุขภาพ (Health Behavior),โภชนาการ,สัดส่วนของเด็กอายุต่ำกว่า 5 ปีที่มีภาวะผอมแห้ง,,%,reverse,,,,2566,6.5,department,โรงเรียนสังกัดสำนักงานคณะกรรมการการศึกษา ขั้นพื้นฐาน (สพฐ.),6.1,,,,,,
HEB-05,พฤติกรรมสุขภาพ (Health Behavior),โภชนาการ,สัดส่วนของเด็กอายุต่ำกว่า 5 ปีที่มีภาวะผอมแห้ง,,%,reverse,,,,2565,5.8,department,คลินิกและคลินิกสุขภาพเด็กดี(WBC),4.8,,,,,,
HEB-05,พฤติกรรมสุขภาพ (Health Behavior),โภชนาการ,สัดส่วนของเด็กอายุต่ำกว่า 5 ปีที่มีภาวะผอมแห้ง,,%,reverse,,,,2565,5.8,department,สถานรับเลี้ยงเด็กกลางวัน,4.6,,,,,,
HEB-05,พฤติกรรมสุขภาพ (Health Behavior),โภชนาการ,สัดส่วนของเด็กอายุต่ำกว่า 5 ปีที่มีภาวะผอมแห้ง,,%,reverse,,,,2565,5.8,department,ศูนย์พัฒนาเด็กก่อนวัยเรียน สำนักพัฒนาสังคม (ศพด.),9.7,,,,,,
HEB-05,พฤติกรรมสุขภาพ (Health Behavior),โภชนาการ,สัดส่วนของเด็กอายุต่ำกว่า 5 ปีที่มีภาวะผอมแห้ง,,%,reverse,,,,2565,5.8,department,โรงเรียนระดับอนุบาลสังกัด กทม.,8.8,,,,,,
HEB-05,พฤติกรรมสุขภาพ (Health Behavior),โภชนาการ,สัดส่วนของเด็กอายุต่ำกว่า 5 ปีที่มีภาวะผอมแห้ง,,%,reverse,,,,2565,5.8,department,โรงเรียนสังกัดสำนักงานคณะกรรมการส่งเสริมการศึกษาเอกชน (สช.),4.4,,,,,,
HEB-05,พฤติกรรมสุขภาพ (Health Behavior),โภชนาการ,สัดส่วนของเด็กอายุต่ำกว่า 5 ปีที่มีภาวะผอมแห้ง,,%,reverse,,,,2565,5.8,department,โรงเรียนสังกัดสำนักงานคณะกรรมการการศึกษา ขั้นพื้นฐาน (สพฐ.),6.4,,,,,,
HEB-06,พฤติกรรมสุขภาพ (Health Behavior),โภชนาการ,สัดส่วนของเด็กอายุต่ำกว่า 5 ปีที่มีภาวะน้ำหนักเกิน,,%,reverse,0,13,11.1,2566,11.1,department,คลินิกและคลินิกสุขภาพเด็กดี(WBC),9.7,,,,,,
HEB-06,พฤติกรรมสุขภาพ (Health Behavior),โภชนาการ,สัดส่วนของเด็กอายุต่ำกว่า 5 ปีที่มีภาวะน้ำหนักเกิน,,%,reverse,,,,2566,11.1,department,สถานรับเลี้ยงเด็กกลางวัน,9.6,,,,,,
HEB-06,พฤติกรรมสุขภาพ (Health Behavior),โภชนาการ,สัดส่วนของเด็กอายุต่ำกว่า 5 ปีที่มีภาวะน้ำหนักเกิน,,%,reverse,,,,2566,11.1,department,ศูนย์พัฒนาเด็กก่อนวัยเรียน สำนักพัฒนาสังคม (ศพด.),12.5,,,,,,
HEB-06,พฤติกรรมสุขภาพ (Health Behavior),โภชนาการ,สัดส่วนของเด็กอายุต่ำกว่า 5 ปีที่มีภาวะน้ำหนักเกิน,,%,reverse,,,,2566,11.1,department,โรงเรียนระดับอนุบาลสังกัด กทม.,13.3,,,,,,
HEB-06,พฤติกรรมสุขภาพ (Health Behavior),โภชนาการ,สัดส่วนของเด็กอายุต่ำกว่า 5 ปีที่มีภาวะน้ำหนักเกิน,,%,reverse,,,,2566,11.1,department,โรงเรียนสังกัดสำนักงานคณะกรรมการส่งเสริมการศึกษาเอกชน (สช.),11.5,,,,,,
HEB-06,พฤติกรรมสุขภาพ (Health Behavior),โภชนาการ,สัดส่วนของเด็กอายุต่ำกว่า 5 ปีที่มีภาวะน้ำหนักเกิน,,%,reverse,,,,2566,11.1,department,โรงเรียนสังกัดสำนักงานคณะกรรมการการศึกษา ขั้นพื้นฐาน (สพฐ.),15.1,,,,,,
HEB-06,พฤติกรรมสุขภาพ (Health Behavior),โภชนาการ,สัดส่วนของเด็กอายุต่ำกว่า 5 ปีที่มีภาวะน้ำหนักเกิน,,%,reverse,,,,2565,13,department,คลินิกและคลินิกสุขภาพเด็กดี(WBC),11.8,,,,,,
HEB-06,พฤติกรรมสุขภาพ (Health Behavior),โภชนาการ,สัดส่วนของเด็กอายุต่ำกว่า 5 ปีที่มีภาวะน้ำหนักเกิน,,%,reverse,,,,2565,13,department,สถานรับเลี้ยงเด็กกลางวัน,18.7,,,,,,
HEB-06,พฤติกรรมสุขภาพ (Health Behavior),โภชนาการ,สัดส่วนของเด็กอายุต่ำกว่า 5 ปีที่มีภาวะน้ำหนักเกิน,,%,reverse,,,,2565,13,department,ศูนย์พัฒนาเด็กก่อนวัยเรียน สำนักพัฒนาสังคม (ศพด.),18.5,,,,,,
HEB-06,พฤติกรรมสุขภาพ (Health Behavior),โภชนาการ,สัดส่วนของเด็กอายุต่ำกว่า 5 ปีที่มีภาวะน้ำหนักเกิน,,%,reverse,,,,2565,13,department,โรงเรียนระดับอนุบาลสังกัด กทม.,14.3,,,,,,
HEB-06,พฤติกรรมสุขภาพ (Health Behavior),โภชนาการ,สัดส่วนของเด็กอายุต่ำกว่า 5 ปีที่มีภาวะน้ำหนักเกิน,,%,reverse,,,,2565,13,department,โรงเรียนสังกัดสำนักงานคณะกรรมการส่งเสริมการศึกษาเอกชน (สช.),14,,,,,,
HEB-06,พฤติกรรมสุขภาพ (Health Behavior),โภชนาการ,สัดส่วนของเด็กอายุต่ำกว่า 5 ปีที่มีภาวะน้ำหนักเกิน,,%,reverse,,,,2565,13,department,โรงเรียนสังกัดสำนักงานคณะกรรมการการศึกษา ขั้นพื้นฐาน (สพฐ.),16.1,,,,,,
